Workbook

Sheet JANUARI
B6: REALISASI TARGET PNBP T.A. 2026
B7: BULAN JANUARI T.A. 2026
B10: NO | C10: JENIS PENERIMAAN | I10: DATA TARGET | L10: REALISASI | O10: PROSENTASE
I11: VOLUME | J11: TARIF | K11: TARGET (Rp.) | L11: VOLUME | M11: TARIF | N11: REALISASI (Rp.)
B12: 1 | C12: 2 | I12: 3 | J12: 4 | K12: 5 | L12: 3 | M12: 4 | N12: 5 | O12: 6
C13: 1 | D13: Pengujian untuk penerbitan Surat Izin Mengemudi (SIM) baru | I13: 1002980 | K13: =SUM(K14:K22) -> 106956030000 | L13: =SUM(L14:L22) -> 33484 | N13: =SUM(N14:N22) -> 3639520000 | O13: =N13/K13 -> 0.034028189
D14: a. | E14: Penerbitan SIM A | I14: 294130 | J14: 120000 | K14: =I14*J14 -> 35295600000 | L14: 12854 | M14: 120000 | N14: =L14*M14 -> 1542480000 | O14: =N14/K14 -> 0.043701765
D15: b. | E15: Penerbitan SIM B I | I15: 30304 | J15: 120000 | K15: =I15*J15 -> 3636480000 | L15: 1302 | M15: 120000 | N15: =L15*M15 -> 156240000 | O15: =N15/K15 -> 0.042964625
D16: c. | E16: Penerbitan SIM B II | I16: 13370 | J16: 120000 | K16: =I16*J16 -> 1604400000 | L16: 435 | M16: 120000 | N16: =L16*M16 -> 52200000 | O16: =N16/K16 -> 0.032535527
D17: d. | E17: Penerbitan SIM C | I17: 662649 | J17: 100000 | K17: =I17*J17 -> 66264900000 | L17: 18879 | M17: 100000 | N17: =L17*M17 -> 1887900000 | O17: =N17/K17 -> 0.028490196
D18: e. | E18: Penerbitan SIM C I | I18: 299 | J18: 100000 | K18: =I18*J18 -> 29900000 | L18: 0 | M18: 100000 | N18: =L18*M18 -> 0 | O18: =N18/K18 -> 0
D19: f. | E19: Penerbitan SIM C II | I19: 267 | J19: 100000 | K19: =I19*J19 -> 26700000 | L19: 0 | M19: 100000 | N19: =L19*M19 -> 0 | O19: =N19/K19 -> 0
D20: g. | E20: Penerbitan SIM D | I20: 1925 | J20: 50000 | K20: =I20*J20 -> 96250000 | L20: 14 | M20: 50000 | N20: =L20*M20 -> 700000 | O20: =N20/K20 -> 0.0072727273
D21: h. | E21: Penerbitan SIM D I | I21: 36 | J21: 50000 | K21: =I21*J21 -> 1800000 | L21: 0 | M21: 50000 | N21: =L21*M21 -> 0 | O21: =N21/K21 -> 0
D22: i. | E22: Pembuatan SIM International | I22: 0 | J22: 250000 | K22: =I22*J22 -> 0 | L22: 0 | M22: 250000 | N22: =L22*M22 -> 0 | O22: =N22/K22 -> #DIV/0!
C24: 2 | D24: Penerbitan Perpanjangan Surat Izin Mengemudi (SIM) | I24: 1997021 | K24: =SUM(K25:K33) -> 153240870000 | L24: =SUM(L25:L33) -> 111884 | N24: =SUM(N25:N33) -> 8584715000 | O24: =N24/K24 -> 0.056021054
D25: a. | E25: Penerbitan SIM A | I25: 596792 | J25: 80000 | K25: =I25*J25 -> 47743360000 | L25: 34726 | M25: 80000 | N25: =L25*M25 -> 2778080000 | O25: =N25/K25 -> 0.058187777
D26: b. | E26: Penerbitan SIM B I | I26: 63576 | J26: 80000 | K26: =I26*J26 -> 5086080000 | L26: 2511 | M26: 80000 | N26: =L26*M26 -> 200880000 | O26: =N26/K26 -> 0.039496036
D27: c. | E27: Penerbitan SIM B II | I27: 35983 | J27: 80000 | K27: =I27*J27 -> 2878640000 | L27: 1536 | M27: 80000 | N27: =L27*M27 -> 122880000 | O27: =N27/K27 -> 0.042686824
D28: d. | E28: Penerbitan SIM C | I28: 1296381 | J28: 75000 | K28: =I28*J28 -> 97228575000 | L28: 73101 | M28: 75000 | N28: =L28*M28 -> 5482575000 | O28: =N28/K28 -> 0.056388515
D29: e. | E29: Penerbitan SIM C I | I29: 3815 | J29: 75000 | K29: =I29*J29 -> 286125000 | L29: 0 | M29: 75000 | N29: =L29*M29 -> 0 | O29: =N29/K29 -> 0
D30: f. | E30: Penerbitan SIM C II | I30: 86 | J30: 75000 | K30: =I30*J30 -> 6450000 | L30: 0 | M30: 75000 | N30: =L30*M30 -> 0 | O30: =N30/K30 -> 0
D31: g. | E31: Penerbitan SIM D | I31: 360 | J31: 30000 | K31: =I31*J31 -> 10800000 | L31: 10 | M31: 30000 | N31: =L31*M31 -> 300000 | O31: =N31/K31 -> 0.027777778
D32: h. | E32: Penerbitan SIM D I | I32: 28 | J32: 30000 | K32: =I32*J32 -> 840000 | L32: 0 | M32: 30000 | N32: =L32*M32 -> 0 | O32: =N32/K32 -> 0
D33: i. | E33: Penerbitan SIM Internasional | I33: 0 | J33: 225000 | K33: =I33*J33 -> 0 | L33: 0 | M33: 225000 | N33: =L33*M33 -> 0
C35: 3 | D35: Penerbitan Surat Keterangan Uji Keterampilan Pengemudi (SKUKP) | I35: 100000 | J35: 50000 | K35: =I35*J35 -> 5000000000 | L35: 5619 | M35: 50000 | N35: =L35*M35 -> 280950000 | O35: =N35/K35 -> 0.05619
C37: 4 | D37: Penerbitan Surat Tanda Nomor Kendaraan Bermotor (STNK) | I37: 6000000 | K37: =+K38+K41 -> 727309900000 | L37: =L38+L41 -> 240344 | N37: =+N38+N41 -> 28202400000 | O37: =N37/K37 -> 0.038776318
D38: a. | E38: Kendaraan Bermotor roda 2 atau roda 3 | I38: 4726901 | K38: =SUM(K39:K40) -> 472690100000 | L38: =SUM(L39:L40) -> 198664 | N38: =SUM(N39:N40) -> 19866400000 | O38: =N38/K38 -> 0.042028382
E39: 1) | F39: Baru | I39: 2267860 | J39: 100000 | K39: =I39*J39 -> 226786000000 | L39: 53665 | M39: 100000 | N39: =L39*M39 -> 5366500000 | O39: =N39/K39 -> 0.023663277
E40: 2) | F40: Perpanjangan | I40: 2459041 | J40: 100000 | K40: =I40*J40 -> 245904100000 | L40: 144999 | M40: 100000 | N40: =L40*M40 -> 14499900000 | O40: =N40/K40 -> 0.05896567
D41: b. | E41: Kendaraan bermotor roda 4 atau lebih | I41: 1273099 | K41: =SUM(K42:K43) -> 254619800000 | L41: =SUM(L42:L43) -> 41680 | N41: =SUM(N42:N43) -> 8336000000 | O41: =N41/K41 -> 0.032739009
E42: 1) | F42: Baru | I42: 626781 | J42: 200000 | K42: =I42*J42 -> 125356200000 | L42: 6835 | M42: 200000 | N42: =L42*M42 -> 1367000000 | O42: =N42/K42 -> 0.010904925
E43: 2) | F43: Perpanjangan | I43: 646318 | J43: 200000 | K43: =I43*J43 -> 129263600000 | L43: 34845 | M43: 200000 | N43: =L43*M43 -> 6969000000 | O43: =N43/K43 -> 0.053913089
C45: 5 | D45: Penerbitan Tanda Nomor Kendaraan Bermotor (TNKB) | I45: 6000000 | K45: =SUM(K46,K47) -> 411586320000 | L45: =SUM(L46:L47) -> 234176 | N45: =SUM(N46,N47) -> 15689680000 | O45: =N45/K45 -> 0.038120023
D46: a. | E46: Kendaraan Bermotor Roda 2 atau 3 | I46: 4710342 | J46: 60000 | K46: =I46*J46 -> 282620520000 | L46: 193198 | M46: 60000 | N46: =L46*M46 -> 11591880000 | O46: =N46/K46 -> 0.041015705
D47: b. | E47: Kendaraan Bermotor Roda 4 atau lebih | I47: 1289658 | J47: 100000 | K47: =I47*J47 -> 128965800000 | L47: 40978 | M47: 100000 | N47: =L47*M47 -> 4097800000 | O47: =N47/K47 -> 0.031774315
C49: 6 | D49: Penerbitan Surat Tanda Coba Kendaraan Bermotor (STCK) | I49: 1500000 | K49: =SUM(K50:K51) -> 43861750000 | L49: =SUM(L50:L51) -> 61579 | N49: =SUM(N50:N51) -> 1726600000 | O49: =N49/K49 -> 0.039364594
D50: a. | E50: Kendaraan Bermotor Roda 2 atau 3 | I50: 1245530 | J50: 25000 | K50: =I50*J50 -> 31138250000 | L50: 54094 | M50: 25000 | N50: =L50*M50 -> 1352350000 | O50: =N50/K50 -> 0.043430507
D51: b. | E51: Kendaraan Bermotor Roda 4 atau lebih | I51: 254470 | J51: 50000 | K51: =I51*J51 -> 12723500000 | L51: 7485 | M51: 50000 | N51: =L51*M51 -> 374250000 | O51: =N51/K51 -> 0.029414076
C53: 7 | D53: Penerbitan Tanda Coba Kendaraan Bermotor (TCKB) | I53: 75000 | K53: =SUM(K54:K55) -> 5024800000 | L53: =SUM(L54:L55) -> 5225 | N53: =SUM(N54:N55) -> 367340000 | O53: =N53/K53 -> 0.073105397
D54: a. | E54: Kendaraan Bermotor Roda 2 atau 3 | I54: 61880 | J54: 60000 | K54: =I54*J54 -> 3712800000 | L54: 3879 | M54: 60000 | N54: =L54*M54 -> 232740000 | O54: =N54/K54 -> 0.062685844
D55: b. | E55: Kendaraan Bermotor Roda 4 atau lebih | I55: 13120 | J55: 100000 | K55: =I55*J55 -> 1312000000 | L55: 1346 | M55: 100000 | N55: =L55*M55 -> 134600000 | O55: =N55/K55 -> 0.10259146
C57: 8 | D57: Penerbitan Buku Pemilik Kendaraan Bermotor (BPKB) | I57: 2400000 | K57: =+K58+K61 -> 607771500000 | L57: =+L58+L61 -> 94886 | N57: =+N58+N61 -> 24041850000 | O57: =N57/K57 -> 0.039557383
D58: a. | E58: Kendaraan Bermotor roda 2 atau roda 3 | I58: 1948190 | K58: =K59+K60 -> 438342750000 | L58: =L59+L60 -> 76936 | N58: =N59+N60 -> 17310600000 | O58: =N58/K58 -> 0.039491015
E59: 1) | F59: Baru | I59: 1619192 | J59: 225000 | K59: =I59*J59 -> 364318200000 | L59: 53975 | M59: 225000 | N59: =L59*M59 -> 12144375000 | O59: =N59/K59 -> 0.033334527
E60: 2) | F60: Ganti Kepemilikan | I60: 328998 | J60: 225000 | K60: =I60*J60 -> 74024550000 | L60: 22961 | M60: 225000 | N60: =L60*M60 -> 5166225000 | O60: =N60/K60 -> 0.069790698
D61: b. | E61: Kendaraan Bermotor Roda 4 atau lebih | I61: 451810 | K61: =K62+K63 -> 169428750000 | L61: =L62+L63 -> 17950 | N61: =N62+N63 -> 6731250000 | O61: =N61/K61 -> 0.03972909
E62: 1) | F62: Baru | I62: 319858 | J62: 375000 | K62: =I62*J62 -> 119946750000 | L62: 7001 | M62: 375000 | N62: =L62*M62 -> 2625375000 | O62: =N62/K62 -> 0.021887838
E63: 2) | F63: Ganti Kepemilikan | I63: 131952 | J63: 375000 | K63: =I63*J63 -> 49482000000 | L63: 10949 | M63: 375000 | N63: =L63*M63 -> 4105875000 | O63: =N63/K63 -> 0.082977143
C65: 9 | D65: Penerbitan Surat Mutasi Kendaraan Ke Luar Daerah | I65: 250000 | K65: =SUM(K66:K67) -> 50337200000 | L65: =SUM(L66:L67) -> 12015 | N65: =SUM(N66:N67) -> 2401350000 | O65: =N65/K65 -> 0.047705276
D66: a. | E66: Kendaraan Bermotor Roda 2 atau roda 3 | I66: 121628 | J66: 150000 | K66: =I66*J66 -> 18244200000 | L66: 6024 | M66: 150000 | N66: =L66*M66 -> 903600000 | O66: =N66/K66 -> 0.049528069
D67: b. | E67: Kendaraan Bermotor Roda 4 atau lebih | I67: 128372 | J67: 250000 | K67: =I67*J67 -> 32093000000 | L67: 5991 | M67: 250000 | N67: =L67*M67 -> 1497750000 | O67: =N67/K67 -> 0.046669056
C69: 10 | D69: Penerbitan Surat Tanda Nomor Kendaraaan Bermotor Lintas Batas Negara (STNK-LBN) | I69: 0 | K69: =+K70+K73 -> 0 | L69: =+L70+L73 -> 0 | N69: =+N70+N73 -> 0 | O69: =N69/K69 -> #DIV/0!
D70: a. | E70: Kendaraan Bermotor Roda 2 atau roda 3 | I70: 0 | K70: =SUM(K71:K72) -> 0 | L70: =SUM(L71:L72) -> 0 | N70: =SUM(N71:N72) -> 0 | O70: =N70/K70 -> #DIV/0!
E71: 1) | F71: Baru | I71: 0 | J71: 100000 | K71: =I71*J71 -> 0 | L71: ='[1]L. MAT 09 STNKLBN'!G16 -> 0 | M71: 100000 | N71: =L71*M71 -> 0 | O71: =N71/K71 -> #DIV/0!
E72: 2) | F72: Perpanjangan | I72: 0 | J72: 100000 | K72: =I72*J72 -> 0 | L72: ='[1]L. MAT 09 STNKLBN'!I16 -> 0 | M72: 100000 | N72: =L72*M72 -> 0 | O72: =N72/K72 -> #DIV/0!
D73: b. | E73: Kendaraan Bermotor Roda 4 atau lebih | I73: 0 | K73: =SUM(K74:K75) -> 0 | L73: =SUM(L74:L75) -> 0 | N73: =SUM(N74:N75) -> 0 | O73: =N73/K73 -> #DIV/0!
E74: 1) | F74: Baru | I74: 0 | J74: 200000 | K74: =I74*J74 -> 0 | L74: ='[1]L. MAT 09 STNKLBN'!H16 -> 0 | M74: 200000 | N74: =L74*M74 -> 0 | O74: =N74/K74 -> #DIV/0!
E75: 2) | F75: Perpanjangan | I75: 0 | J75: 200000 | K75: =I75*J75 -> 0 | L75: ='[1]L. MAT 09 STNKLBN'!J16 -> 0 | M75: 200000 | N75: =L75*M75 -> 0 | O75: =N75/K75 -> #DIV/0!
C77: 11 | D77: Penerbitan Tanda Nomor Kendaraaan Bermotor Lintas Batas Negara (TNKB-LBN) | I77: 0 | K77: =K78+K81 -> 0 | L77: =L78+L81 -> 0 | N77: =N78+N81 -> 0 | O77: =N77/K77 -> #DIV/0!
D78: a. | E78: Kendaraan Bermotor Roda 2 atau roda 3 | I78: 0 | K78: =SUM(K79:K80) -> 0 | L78: =SUM(L79:L80) -> 0 | N78: =SUM(N79:N80) -> 0 | O78: =N78/K78 -> #DIV/0!
E79: 1) | F79: Baru | I79: 0 | J79: 100000 | K79: =I79*J79 -> 0 | L79: ='[1]L. MAT 10 TNKB LBN'!G16 -> 0 | M79: 100000 | N79: =L79*M79 -> 0 | O79: =N79/K79 -> #DIV/0!
E80: 2) | F80: Perpanjangan | J80: 100000 | K80: =I80*J80 -> 0 | L80: ='[1]L. MAT 10 TNKB LBN'!I16 -> 0 | M80: 100000 | N80: =L80*M80 -> 0 | O80: =N80/K80 -> #DIV/0!
D81: b. | E81: Kendaraan Bermotor Roda 4 atau lebih | I81: 0 | K81: =SUM(K82:K83) -> 0 | L81: =SUM(L82:L83) -> 0 | N81: =SUM(N82:N83) -> 0 | O81: =N81/K81 -> #DIV/0!
E82: 1) | F82: Baru | I82: 0 | J82: 200000 | K82: =I82*J82 -> 0 | L82: ='[1]L. MAT 10 TNKB LBN'!H16 -> 0 | M82: 200000 | N82: =L82*M82 -> 0 | O82: =N82/K82 -> #DIV/0!
E83: 2) | F83: Perpanjangan | I83: 0 | J83: 200000 | K83: =I83*J83 -> 0 | L83: ='[1]L. MAT 10 TNKB LBN'!J16 -> 0 | M83: 200000 | N83: =L83*M83 -> 0 | O83: =N83/K83 -> #DIV/0!
C85: 12 | D85: Penerbitan Nomor Register Kendaraan Bermotor (NRKB) Pilihan | I85: 12000 | K85: =+K86+K89+K92+K95 -> 99500000000 | L85: =+L86+L89+L92+L95 -> 538 | N85: =+N86+N89+N92+N95 -> 4677500000 | O85: =N85/K85 -> 0.04701005
D86: a. | E86: NRKB Pilihan untuk kombinasi 1 (satu) angka | I86: 1053 | K86: =SUM(K87:K88) -> 16585000000 | L86: =SUM(L87:L88) -> 49 | N86: =SUM(N87:N88) -> 735000000 | O86: =N86/K86 -> 0.044317154
E87: 1) | F87: Tidak ada huruf dibelakang angka (blank) | I87: 158 | J87: 20000000 | K87: =I87*J87 -> 3160000000 | L87: 0 | M87: 20000000 | N87: =L87*M87 -> 0 | O87: =N87/K87 -> 0
E88: 2) | F88: Ada huruf dibelakang angka | I88: 895 | J88: 15000000 | K88: =I88*J88 -> 13425000000 | L88: 49 | M88: 15000000 | N88: =L88*M88 -> 735000000 | O88: =N88/K88 -> 0.054748603
D89: b. | E89: NRKB Pilihan untuk 2 (dua) angka | I89: 2383 | K89: =SUM(K90:K91) -> 25435000000 | L89: =SUM(L90:L91) -> 129 | N89: =SUM(N90:N91) -> 1320000000 | O89: =N89/K89 -> 0.051896992
E90: 1) | F90: Tidak ada huruf dibelakang angka (blank) | I90: 321 | J90: 15000000 | K90: =I90*J90 -> 4815000000 | L90: 6 | M90: 15000000 | N90: =L90*M90 -> 90000000 | O90: =N90/K90 -> 0.018691589
E91: 2) | F91: Ada huruf dibelakang angka | I91: 2062 | J91: 10000000 | K91: =I91*J91 -> 20620000000 | L91: 123 | M91: 10000000 | N91: =L91*M91 -> 1230000000 | O91: =N91/K91 -> 0.059650824
D92: c. | E92: NRKB Pilihan untuk 3 (tiga) angka | I92: 4609 | K92: =SUM(K93:K94) -> 35915000000 | L92: =SUM(L93:L94) -> 293 | N92: =SUM(N93:N94) -> 2235000000 | O92: =N92/K92 -> 0.062230266
E93: 1) | F93: Tidak ada huruf dibelakang angka (blank) | I93: 539 | J93: 10000000 | K93: =I93*J93 -> 5390000000 | L93: 15 | M93: 10000000 | N93: =L93*M93 -> 150000000 | O93: =N93/K93 -> 0.027829314
E94: 2) | F94: Ada huruf dibelakang angka | I94: 4070 | J94: 7500000 | K94: =I94*J94 -> 30525000000 | L94: 278 | M94: 7500000 | N94: =L94*M94 -> 2085000000 | O94: =N94/K94 -> 0.068304668
D95: d. | E95: NRKB Pilihan untuk 4 (empat) angka | I95: 3955 | K95: =SUM(K96:K97) -> 21565000000 | L95: =SUM(L96:L97) -> 67 | N95: =SUM(N96:N97) -> 387500000 | O95: =N95/K95 -> 0.017968931
E96: 1) | F96: Tidak ada huruf dibelakang angka (blank) | I96: 716 | J96: 7500000 | K96: =I96*J96 -> 5370000000 | L96: 21 | M96: 7500000 | N96: =L96*M96 -> 157500000 | O96: =N96/K96 -> 0.029329609
E97: 2) | F97: Ada huruf dibelakang angka | I97: 3239 | J97: 5000000 | K97: =I97*J97 -> 16195000000 | L97: 46 | M97: 5000000 | N97: =L97*M97 -> 230000000 | O97: =N97/K97 -> 0.014201914
C99: TOTAL TARGET | I99: =SUM(I13,I24,I35,I37,I45,I49,I53,I57,I65,I69,I77,I85) -> 19337001 | K99: =SUM(K13,K24,K35,K37,K45,K49,K53,K57,K65,K69,K77,K85) -> 2210588370000 | L99: =SUM(L13,L24,L35,L37,L45,L49,L53,L57,L65,L69,L77,L85) -> 799750 | N99: =SUM(N13,N24,N35,N37,N45,N49,N53,N57,N65,N69,N77,N85) -> 89611905000 | O99: =N99/K99 -> 0.040537581

Sheet FEB
B6: REALISASI TARGET PNBP T.A. 2026
B7: BULAN FEBRUARI T.A. 2026
B10: NO | C10: JENIS PENERIMAAN | I10: DATA TARGET | L10: REALISASI | O10: PROSENTASE
I11: VOLUME | J11: TARIF | K11: TARGET (Rp.) | L11: VOLUME | M11: TARIF | N11: REALISASI (Rp.)
B12: 1 | C12: 2 | I12: 3 | J12: 4 | K12: 5 | L12: 3 | M12: 4 | N12: 5 | O12: 6
C13: 1 | D13: Pengujian untuk penerbitan Surat Izin Mengemudi (SIM) baru | I13: 1002980 | K13: =SUM(K14:K22) -> 106956030000 | L13: =SUM(L14:L22) -> 22805 | N13: =SUM(N14:N22) -> 2473210000 | O13: =N13/K13 -> 0.023123614
D14: a. | E14: Penerbitan SIM A | I14: 294130 | J14: 120000 | K14: =I14*J14 -> 35295600000 | L14: 8519 | M14: 120000 | N14: =L14*M14 -> 1022280000 | O14: =N14/K14 -> 0.028963384
D15: b. | E15: Penerbitan SIM B I | I15: 30304 | J15: 120000 | K15: =I15*J15 -> 3636480000 | L15: 860 | M15: 120000 | N15: =L15*M15 -> 103200000 | O15: =N15/K15 -> 0.028379092
D16: c. | E16: Penerbitan SIM B II | I16: 13370 | J16: 120000 | K16: =I16*J16 -> 1604400000 | L16: 279 | M16: 120000 | N16: =L16*M16 -> 33480000 | O16: =N16/K16 -> 0.020867614
D17: d. | E17: Penerbitan SIM C | I17: 662649 | J17: 100000 | K17: =I17*J17 -> 66264900000 | L17: 13138 | M17: 100000 | N17: =L17*M17 -> 1313800000 | O17: =N17/K17 -> 0.019826484
D18: e. | E18: Penerbitan SIM C I | I18: 299 | J18: 100000 | K18: =I18*J18 -> 29900000 | L18: 0 | M18: 100000 | N18: =L18*M18 -> 0 | O18: =N18/K18 -> 0
D19: f. | E19: Penerbitan SIM C II | I19: 267 | J19: 100000 | K19: =I19*J19 -> 26700000 | L19: 0 | M19: 100000 | N19: =L19*M19 -> 0 | O19: =N19/K19 -> 0
D20: g. | E20: Penerbitan SIM D | I20: 1925 | J20: 50000 | K20: =I20*J20 -> 96250000 | L20: 8 | M20: 50000 | N20: =L20*M20 -> 400000 | O20: =N20/K20 -> 0.0041558442
D21: h. | E21: Penerbitan SIM D I | I21: 36 | J21: 50000 | K21: =I21*J21 -> 1800000 | L21: 1 | M21: 50000 | N21: =L21*M21 -> 50000 | O21: =N21/K21 -> 0.027777778
D22: i. | E22: Pembuatan SIM International | I22: 0 | J22: 250000 | K22: =I22*J22 -> 0 | L22: 0 | M22: 250000 | N22: =L22*M22 -> 0 | O22: =N22/K22 -> #DIV/0!
C24: 2 | D24: Penerbitan Perpanjangan Surat Izin Mengemudi (SIM) | I24: 1997021 | K24: =SUM(K25:K33) -> 153240870000 | L24: =SUM(L25:L33) -> 92570 | N24: =SUM(N25:N33) -> 7103075000 | O24: =N24/K24 -> 0.046352354
D25: a. | E25: Penerbitan SIM A | I25: 596792 | J25: 80000 | K25: =I25*J25 -> 47743360000 | L25: 28685 | M25: 80000 | N25: =L25*M25 -> 2294800000 | O25: =N25/K25 -> 0.048065323
D26: b. | E26: Penerbitan SIM B I | I26: 63576 | J26: 80000 | K26: =I26*J26 -> 5086080000 | L26: 2132 | M26: 80000 | N26: =L26*M26 -> 170560000 | O26: =N26/K26 -> 0.033534667
D27: c. | E27: Penerbitan SIM B II | I27: 35983 | J27: 80000 | K27: =I27*J27 -> 2878640000 | L27: 1365 | M27: 80000 | N27: =L27*M27 -> 109200000 | O27: =N27/K27 -> 0.03793458
D28: d. | E28: Penerbitan SIM C | I28: 1296381 | J28: 75000 | K28: =I28*J28 -> 97228575000 | L28: 60375 | M28: 75000 | N28: =L28*M28 -> 4528125000 | O28: =N28/K28 -> 0.046571957
D29: e. | E29: Penerbitan SIM C I | I29: 3815 | J29: 75000 | K29: =I29*J29 -> 286125000 | L29: 0 | M29: 75000 | N29: =L29*M29 -> 0 | O29: =N29/K29 -> 0
D30: f. | E30: Penerbitan SIM C II | I30: 86 | J30: 75000 | K30: =I30*J30 -> 6450000 | L30: 0 | M30: 75000 | N30: =L30*M30 -> 0 | O30: =N30/K30 -> 0
D31: g. | E31: Penerbitan SIM D | I31: 360 | J31: 30000 | K31: =I31*J31 -> 10800000 | L31: 13 | M31: 30000 | N31: =L31*M31 -> 390000 | O31: =N31/K31 -> 0.036111111
D32: h. | E32: Penerbitan SIM D I | I32: 28 | J32: 30000 | K32: =I32*J32 -> 840000 | L32: 0 | M32: 30000 | N32: =L32*M32 -> 0 | O32: =N32/K32 -> 0
D33: i. | E33: Penerbitan SIM Internasional | I33: 0 | J33: 225000 | K33: =I33*J33 -> 0 | L33: 0 | M33: 225000 | N33: =L33*M33 -> 0
C35: 3 | D35: Penerbitan Surat Keterangan Uji Keterampilan Pengemudi (SKUKP) | I35: 100000 | J35: 50000 | K35: =I35*J35 -> 5000000000 | L35: 4846 | M35: 50000 | N35: =L35*M35 -> 242300000 | O35: =N35/K35 -> 0.04846
C37: 4 | D37: Penerbitan Surat Tanda Nomor Kendaraan Bermotor (STNK) | I37: 6000000 | K37: =+K38+K41 -> 727309900000 | L37: =L38+L41 -> 216168 | N37: =+N38+N41 -> 25279900000 | O37: =N37/K37 -> 0.034758086
D38: a. | E38: Kendaraan Bermotor roda 2 atau roda 3 | I38: 4726901 | K38: =SUM(K39:K40) -> 472690100000 | L38: =SUM(L39:L40) -> 179537 | N38: =SUM(N39:N40) -> 17953700000 | O38: =N38/K38 -> 0.037981967
E39: 1) | F39: Baru | I39: 2267860 | J39: 100000 | K39: =I39*J39 -> 226786000000 | L39: 53714 | M39: 100000 | N39: =L39*M39 -> 5371400000 | O39: =N39/K39 -> 0.023684884
E40: 2) | F40: Perpanjangan | I40: 2459041 | J40: 100000 | K40: =I40*J40 -> 245904100000 | L40: 125823 | M40: 100000 | N40: =L40*M40 -> 12582300000 | O40: =N40/K40 -> 0.051167508
D41: b. | E41: Kendaraan bermotor roda 4 atau lebih | I41: 1273099 | K41: =SUM(K42:K43) -> 254619800000 | L41: =SUM(L42:L43) -> 36631 | N41: =SUM(N42:N43) -> 7326200000 | O41: =N41/K41 -> 0.028773096
E42: 1) | F42: Baru | I42: 626781 | J42: 200000 | K42: =I42*J42 -> 125356200000 | L42: 6006 | M42: 200000 | N42: =L42*M42 -> 1201200000 | O42: =N42/K42 -> 0.0095822943
E43: 2) | F43: Perpanjangan | I43: 646318 | J43: 200000 | K43: =I43*J43 -> 129263600000 | L43: 30625 | M43: 200000 | N43: =L43*M43 -> 6125000000 | O43: =N43/K43 -> 0.047383796
C45: 5 | D45: Penerbitan Tanda Nomor Kendaraan Bermotor (TNKB) | I45: 6000000 | K45: =SUM(K46,K47) -> 411586320000 | L45: =SUM(L46:L47) -> 211012 | N45: =SUM(N46,N47) -> 14101560000 | O45: =N45/K45 -> 0.034261489
D46: a. | E46: Kendaraan Bermotor Roda 2 atau 3 | I46: 4710342 | J46: 60000 | K46: =I46*J46 -> 282620520000 | L46: 174991 | M46: 60000 | N46: =L46*M46 -> 10499460000 | O46: =N46/K46 -> 0.037150381
D47: b. | E47: Kendaraan Bermotor Roda 4 atau lebih | I47: 1289658 | J47: 100000 | K47: =I47*J47 -> 128965800000 | L47: 36021 | M47: 100000 | N47: =L47*M47 -> 3602100000 | O47: =N47/K47 -> 0.027930661
C49: 6 | D49: Penerbitan Surat Tanda Coba Kendaraan Bermotor (STCK) | I49: 1500000 | K49: =SUM(K50:K51) -> 43861750000 | L49: =SUM(L50:L51) -> 59920 | N49: =SUM(N50:N51) -> 1656575000 | O49: =N49/K49 -> 0.037768101
D50: a. | E50: Kendaraan Bermotor Roda 2 atau 3 | I50: 1245530 | J50: 25000 | K50: =I50*J50 -> 31138250000 | L50: 53577 | M50: 25000 | N50: =L50*M50 -> 1339425000 | O50: =N50/K50 -> 0.043015423
D51: b. | E51: Kendaraan Bermotor Roda 4 atau lebih | I51: 254470 | J51: 50000 | K51: =I51*J51 -> 12723500000 | L51: 6343 | M51: 50000 | N51: =L51*M51 -> 317150000 | O51: =N51/K51 -> 0.024926317
C53: 7 | D53: Penerbitan Tanda Coba Kendaraan Bermotor (TCKB) | I53: 75000 | K53: =SUM(K54:K55) -> 5024800000 | L53: =SUM(L54:L55) -> 4533 | N53: =SUM(N54:N55) -> 313260000 | O53: =N53/K53 -> 0.06234278
D54: a. | E54: Kendaraan Bermotor Roda 2 atau 3 | I54: 61880 | J54: 60000 | K54: =I54*J54 -> 3712800000 | L54: 3501 | M54: 60000 | N54: =L54*M54 -> 210060000 | O54: =N54/K54 -> 0.056577246
D55: b. | E55: Kendaraan Bermotor Roda 4 atau lebih | I55: 13120 | J55: 100000 | K55: =I55*J55 -> 1312000000 | L55: 1032 | M55: 100000 | N55: =L55*M55 -> 103200000 | O55: =N55/K55 -> 0.078658537
C57: 8 | D57: Penerbitan Buku Pemilik Kendaraan Bermotor (BPKB) | I57: 2400000 | K57: =+K58+K61 -> 607771500000 | L57: =+L58+L61 -> 88965 | N57: =+N58+N61 -> 22344525000 | O57: =N57/K57 -> 0.03676468
D58: a. | E58: Kendaraan Bermotor roda 2 atau roda 3 | I58: 1948190 | K58: =K59+K60 -> 438342750000 | L58: =L59+L60 -> 73449 | N58: =N59+N60 -> 16526025000 | O58: =N58/K58 -> 0.037701148
E59: 1) | F59: Baru | I59: 1619192 | J59: 225000 | K59: =I59*J59 -> 364318200000 | L59: 53556 | M59: 225000 | N59: =L59*M59 -> 12050100000 | O59: =N59/K59 -> 0.033075756
E60: 2) | F60: Ganti Kepemilikan | I60: 328998 | J60: 225000 | K60: =I60*J60 -> 74024550000 | L60: 19893 | M60: 225000 | N60: =L60*M60 -> 4475925000 | O60: =N60/K60 -> 0.060465413
D61: b. | E61: Kendaraan Bermotor Roda 4 atau lebih | I61: 451810 | K61: =K62+K63 -> 169428750000 | L61: =L62+L63 -> 15516 | N61: =N62+N63 -> 5818500000 | O61: =N61/K61 -> 0.034341869
E62: 1) | F62: Baru | I62: 319858 | J62: 375000 | K62: =I62*J62 -> 119946750000 | L62: 5911 | M62: 375000 | N62: =L62*M62 -> 2216625000 | O62: =N62/K62 -> 0.018480076
E63: 2) | F63: Ganti Kepemilikan | I63: 131952 | J63: 375000 | K63: =I63*J63 -> 49482000000 | L63: 9605 | M63: 375000 | N63: =L63*M63 -> 3601875000 | O63: =N63/K63 -> 0.072791621
C65: 9 | D65: Penerbitan Surat Mutasi Kendaraan Ke Luar Daerah | I65: 250000 | K65: =SUM(K66:K67) -> 50337200000 | L65: =SUM(L66:L67) -> 10217 | N65: =SUM(N66:N67) -> 2055450000 | O65: =N65/K65 -> 0.040833618
D66: a. | E66: Kendaraan Bermotor Roda 2 atau roda 3 | I66: 121628 | J66: 150000 | K66: =I66*J66 -> 18244200000 | L66: 4988 | M66: 150000 | N66: =L66*M66 -> 748200000 | O66: =N66/K66 -> 0.041010294
D67: b. | E67: Kendaraan Bermotor Roda 4 atau lebih | I67: 128372 | J67: 250000 | K67: =I67*J67 -> 32093000000 | L67: 5229 | M67: 250000 | N67: =L67*M67 -> 1307250000 | O67: =N67/K67 -> 0.040733182
C69: 10 | D69: Penerbitan Surat Tanda Nomor Kendaraaan Bermotor Lintas Batas Negara (STNK-LBN) | I69: 0 | K69: =+K70+K73 -> 0 | L69: =+L70+L73 -> 0 | N69: =+N70+N73 -> 0 | O69: =N69/K69 -> #DIV/0!
D70: a. | E70: Kendaraan Bermotor Roda 2 atau roda 3 | I70: 0 | K70: =SUM(K71:K72) -> 0 | L70: =SUM(L71:L72) -> 0 | N70: =SUM(N71:N72) -> 0 | O70: =N70/K70 -> #DIV/0!
E71: 1) | F71: Baru | I71: 0 | J71: 100000 | K71: =I71*J71 -> 0 | L71: ='[1]L. MAT 09 STNKLBN'!G16 -> 0 | M71: 100000 | N71: =L71*M71 -> 0 | O71: =N71/K71 -> #DIV/0!
E72: 2) | F72: Perpanjangan | I72: 0 | J72: 100000 | K72: =I72*J72 -> 0 | L72: ='[1]L. MAT 09 STNKLBN'!I16 -> 0 | M72: 100000 | N72: =L72*M72 -> 0 | O72: =N72/K72 -> #DIV/0!
D73: b. | E73: Kendaraan Bermotor Roda 4 atau lebih | I73: 0 | K73: =SUM(K74:K75) -> 0 | L73: =SUM(L74:L75) -> 0 | N73: =SUM(N74:N75) -> 0 | O73: =N73/K73 -> #DIV/0!
E74: 1) | F74: Baru | I74: 0 | J74: 200000 | K74: =I74*J74 -> 0 | L74: ='[1]L. MAT 09 STNKLBN'!H16 -> 0 | M74: 200000 | N74: =L74*M74 -> 0 | O74: =N74/K74 -> #DIV/0!
E75: 2) | F75: Perpanjangan | I75: 0 | J75: 200000 | K75: =I75*J75 -> 0 | L75: ='[1]L. MAT 09 STNKLBN'!J16 -> 0 | M75: 200000 | N75: =L75*M75 -> 0 | O75: =N75/K75 -> #DIV/0!
C77: 11 | D77: Penerbitan Tanda Nomor Kendaraaan Bermotor Lintas Batas Negara (TNKB-LBN) | I77: 0 | K77: =K78+K81 -> 0 | L77: =L78+L81 -> 0 | N77: =N78+N81 -> 0 | O77: =N77/K77 -> #DIV/0!
D78: a. | E78: Kendaraan Bermotor Roda 2 atau roda 3 | I78: 0 | K78: =SUM(K79:K80) -> 0 | L78: =SUM(L79:L80) -> 0 | N78: =SUM(N79:N80) -> 0 | O78: =N78/K78 -> #DIV/0!
E79: 1) | F79: Baru | I79: 0 | J79: 100000 | K79: =I79*J79 -> 0 | L79: ='[1]L. MAT 10 TNKB LBN'!G16 -> 0 | M79: 100000 | N79: =L79*M79 -> 0 | O79: =N79/K79 -> #DIV/0!
E80: 2) | F80: Perpanjangan | J80: 100000 | K80: =I80*J80 -> 0 | L80: ='[1]L. MAT 10 TNKB LBN'!I16 -> 0 | M80: 100000 | N80: =L80*M80 -> 0 | O80: =N80/K80 -> #DIV/0!
D81: b. | E81: Kendaraan Bermotor Roda 4 atau lebih | I81: 0 | K81: =SUM(K82:K83) -> 0 | L81: =SUM(L82:L83) -> 0 | N81: =SUM(N82:N83) -> 0 | O81: =N81/K81 -> #DIV/0!
E82: 1) | F82: Baru | I82: 0 | J82: 200000 | K82: =I82*J82 -> 0 | L82: ='[1]L. MAT 10 TNKB LBN'!H16 -> 0 | M82: 200000 | N82: =L82*M82 -> 0 | O82: =N82/K82 -> #DIV/0!
E83: 2) | F83: Perpanjangan | I83: 0 | J83: 200000 | K83: =I83*J83 -> 0 | L83: ='[1]L. MAT 10 TNKB LBN'!J16 -> 0 | M83: 200000 | N83: =L83*M83 -> 0 | O83: =N83/K83 -> #DIV/0!
C85: 12 | D85: Penerbitan Nomor Register Kendaraan Bermotor (NRKB) Pilihan | I85: 12000 | K85: =+K86+K89+K92+K95 -> 99500000000 | L85: =+L86+L89+L92+L95 -> 518 | N85: =+N86+N89+N92+N95 -> 4555000000 | O85: =N85/K85 -> 0.045778894
D86: a. | E86: NRKB Pilihan untuk kombinasi 1 (satu) angka | I86: 1053 | K86: =SUM(K87:K88) -> 16585000000 | L86: =SUM(L87:L88) -> 51 | N86: =SUM(N87:N88) -> 765000000 | O86: =N86/K86 -> 0.046126017
E87: 1) | F87: Tidak ada huruf dibelakang angka (blank) | I87: 158 | J87: 20000000 | K87: =I87*J87 -> 3160000000 | L87: 0 | M87: 20000000 | N87: =L87*M87 -> 0 | O87: =N87/K87 -> 0
E88: 2) | F88: Ada huruf dibelakang angka | I88: 895 | J88: 15000000 | K88: =I88*J88 -> 13425000000 | L88: 51 | M88: 15000000 | N88: =L88*M88 -> 765000000 | O88: =N88/K88 -> 0.05698324
D89: b. | E89: NRKB Pilihan untuk 2 (dua) angka | I89: 2383 | K89: =SUM(K90:K91) -> 25435000000 | L89: =SUM(L90:L91) -> 127 | N89: =SUM(N90:N91) -> 1305000000 | O89: =N89/K89 -> 0.051307254
E90: 1) | F90: Tidak ada huruf dibelakang angka (blank) | I90: 321 | J90: 15000000 | K90: =I90*J90 -> 4815000000 | L90: 7 | M90: 15000000 | N90: =L90*M90 -> 105000000 | O90: =N90/K90 -> 0.021806854
E91: 2) | F91: Ada huruf dibelakang angka | I91: 2062 | J91: 10000000 | K91: =I91*J91 -> 20620000000 | L91: 120 | M91: 10000000 | N91: =L91*M91 -> 1200000000 | O91: =N91/K91 -> 0.058195926
D92: c. | E92: NRKB Pilihan untuk 3 (tiga) angka | I92: 4609 | K92: =SUM(K93:K94) -> 35915000000 | L92: =SUM(L93:L94) -> 268 | N92: =SUM(N93:N94) -> 2070000000 | O92: =N92/K92 -> 0.057636085
E93: 1) | F93: Tidak ada huruf dibelakang angka (blank) | I93: 539 | J93: 10000000 | K93: =I93*J93 -> 5390000000 | L93: 24 | M93: 10000000 | N93: =L93*M93 -> 240000000 | O93: =N93/K93 -> 0.044526902
E94: 2) | F94: Ada huruf dibelakang angka | I94: 4070 | J94: 7500000 | K94: =I94*J94 -> 30525000000 | L94: 244 | M94: 7500000 | N94: =L94*M94 -> 1830000000 | O94: =N94/K94 -> 0.05995086
D95: d. | E95: NRKB Pilihan untuk 4 (empat) angka | I95: 3955 | K95: =SUM(K96:K97) -> 21565000000 | L95: =SUM(L96:L97) -> 72 | N95: =SUM(N96:N97) -> 415000000 | O95: =N95/K95 -> 0.019244146
E96: 1) | F96: Tidak ada huruf dibelakang angka (blank) | I96: 716 | J96: 7500000 | K96: =I96*J96 -> 5370000000 | L96: 22 | M96: 7500000 | N96: =L96*M96 -> 165000000 | O96: =N96/K96 -> 0.030726257
E97: 2) | F97: Ada huruf dibelakang angka | I97: 3239 | J97: 5000000 | K97: =I97*J97 -> 16195000000 | L97: 50 | M97: 5000000 | N97: =L97*M97 -> 250000000 | O97: =N97/K97 -> 0.015436863
C99: TOTAL TARGET | I99: =SUM(I13,I24,I35,I37,I45,I49,I53,I57,I65,I69,I77,I85) -> 19337001 | K99: =SUM(K13,K24,K35,K37,K45,K49,K53,K57,K65,K69,K77,K85) -> 2210588370000 | L99: =SUM(L13,L24,L35,L37,L45,L49,L53,L57,L65,L69,L77,L85) -> 711554 | N99: =SUM(N13,N24,N35,N37,N45,N49,N53,N57,N65,N69,N77,N85) -> 80124855000 | O99: =N99/K99 -> 0.036245941

Sheet MARET
B6: REALISASI TARGET PNBP T.A. 2026
B7: BULAN MARET T.A. 2026
B10: NO | C10: JENIS PENERIMAAN | I10: DATA TARGET | L10: REALISASI | O10: PROSENTASE
I11: VOLUME | J11: TARIF | K11: TARGET (Rp.) | L11: VOLUME | M11: TARIF | N11: REALISASI (Rp.)
B12: 1 | C12: 2 | I12: 3 | J12: 4 | K12: 5 | L12: 3 | M12: 4 | N12: 5 | O12: 6
C13: 1 | D13: Pengujian untuk penerbitan Surat Izin Mengemudi (SIM) baru | I13: 1002980 | K13: =SUM(K14:K22) -> 106956030000 | L13: =SUM(L14:L22) -> 22840 | N13: =SUM(N14:N22) -> 2493030000 | O13: =N13/K13 -> 0.023308924
D14: a. | E14: Penerbitan SIM A | I14: 294130 | J14: 120000 | K14: =I14*J14 -> 35295600000 | L14: 9321 | M14: 120000 | N14: =L14*M14 -> 1118520000 | O14: =N14/K14 -> 0.031690069
D15: b. | E15: Penerbitan SIM B I | I15: 30304 | J15: 120000 | K15: =I15*J15 -> 3636480000 | L15: 834 | M15: 120000 | N15: =L15*M15 -> 100080000 | O15: =N15/K15 -> 0.027521119
D16: c. | E16: Penerbitan SIM B II | I16: 13370 | J16: 120000 | K16: =I16*J16 -> 1604400000 | L16: 324 | M16: 120000 | N16: =L16*M16 -> 38880000 | O16: =N16/K16 -> 0.024233358
D17: d. | E17: Penerbitan SIM C | I17: 662649 | J17: 100000 | K17: =I17*J17 -> 66264900000 | L17: 12348 | M17: 100000 | N17: =L17*M17 -> 1234800000 | O17: =N17/K17 -> 0.0186343
D18: e. | E18: Penerbitan SIM C I | I18: 299 | J18: 100000 | K18: =I18*J18 -> 29900000 | L18: 2 | M18: 100000 | N18: =L18*M18 -> 200000 | O18: =N18/K18 -> 0.0066889632
D19: f. | E19: Penerbitan SIM C II | I19: 267 | J19: 100000 | K19: =I19*J19 -> 26700000 | L19: 0 | M19: 100000 | N19: =L19*M19 -> 0 | O19: =N19/K19 -> 0
D20: g. | E20: Penerbitan SIM D | I20: 1925 | J20: 50000 | K20: =I20*J20 -> 96250000 | L20: 11 | M20: 50000 | N20: =L20*M20 -> 550000 | O20: =N20/K20 -> 0.0057142857
D21: h. | E21: Penerbitan SIM D I | I21: 36 | J21: 50000 | K21: =I21*J21 -> 1800000 | L21: 0 | M21: 50000 | N21: =L21*M21 -> 0 | O21: =N21/K21 -> 0
D22: i. | E22: Pembuatan SIM International | I22: 0 | J22: 250000 | K22: =I22*J22 -> 0 | L22: 0 | M22: 250000 | N22: =L22*M22 -> 0 | O22: =N22/K22 -> #DIV/0!
C24: 2 | D24: Penerbitan Perpanjangan Surat Izin Mengemudi (SIM) | I24: 1997021 | K24: =SUM(K25:K33) -> 153240870000 | L24: =SUM(L25:L33) -> 107926 | N24: =SUM(N25:N33) -> 8282995000 | O24: =N24/K24 -> 0.054052127
D25: a. | E25: Penerbitan SIM A | I25: 596792 | J25: 80000 | K25: =I25*J25 -> 47743360000 | L25: 33838 | M25: 80000 | N25: =L25*M25 -> 2707040000 | O25: =N25/K25 -> 0.056699822
D26: b. | E26: Penerbitan SIM B I | I26: 63576 | J26: 80000 | K26: =I26*J26 -> 5086080000 | L26: 2433 | M26: 80000 | N26: =L26*M26 -> 194640000 | O26: =N26/K26 -> 0.038269158
D27: c. | E27: Penerbitan SIM B II | I27: 35983 | J27: 80000 | K27: =I27*J27 -> 2878640000 | L27: 1546 | M27: 80000 | N27: =L27*M27 -> 123680000 | O27: =N27/K27 -> 0.042964733
D28: d. | E28: Penerbitan SIM C | I28: 1296381 | J28: 75000 | K28: =I28*J28 -> 97228575000 | L28: 70097 | M28: 75000 | N28: =L28*M28 -> 5257275000 | O28: =N28/K28 -> 0.054071295
D29: e. | E29: Penerbitan SIM C I | I29: 3815 | J29: 75000 | K29: =I29*J29 -> 286125000 | L29: 0 | M29: 75000 | N29: =L29*M29 -> 0 | O29: =N29/K29 -> 0
D30: f. | E30: Penerbitan SIM C II | I30: 86 | J30: 75000 | K30: =I30*J30 -> 6450000 | L30: 0 | M30: 75000 | N30: =L30*M30 -> 0 | O30: =N30/K30 -> 0
D31: g. | E31: Penerbitan SIM D | I31: 360 | J31: 30000 | K31: =I31*J31 -> 10800000 | L31: 11 | M31: 30000 | N31: =L31*M31 -> 330000 | O31: =N31/K31 -> 0.030555556
D32: h. | E32: Penerbitan SIM D I | I32: 28 | J32: 30000 | K32: =I32*J32 -> 840000 | L32: 1 | M32: 30000 | N32: =L32*M32 -> 30000 | O32: =N32/K32 -> 0.035714286
D33: i. | E33: Penerbitan SIM Internasional | I33: 0 | J33: 225000 | K33: =I33*J33 -> 0 | L33: 0 | M33: 225000 | N33: =L33*M33 -> 0
C35: 3 | D35: Penerbitan Surat Keterangan Uji Keterampilan Pengemudi (SKUKP) | I35: 100000 | J35: 50000 | K35: =I35*J35 -> 5000000000 | L35: 5207 | M35: 50000 | N35: =L35*M35 -> 260350000 | O35: =N35/K35 -> 0.05207
C37: 4 | D37: Penerbitan Surat Tanda Nomor Kendaraan Bermotor (STNK) | I37: 6000000 | K37: =+K38+K41 -> 727309900000 | L37: =L38+L41 -> 216108 | N37: =+N38+N41 -> 25201200000 | O37: =N37/K37 -> 0.034649879
D38: a. | E38: Kendaraan Bermotor roda 2 atau roda 3 | I38: 4726901 | K38: =SUM(K39:K40) -> 472690100000 | L38: =SUM(L39:L40) -> 180204 | N38: =SUM(N39:N40) -> 18020400000 | O38: =N38/K38 -> 0.038123075
E39: 1) | F39: Baru | I39: 2267860 | J39: 100000 | K39: =I39*J39 -> 226786000000 | L39: 53613 | M39: 100000 | N39: =L39*M39 -> 5361300000 | O39: =N39/K39 -> 0.023640348
E40: 2) | F40: Perpanjangan | I40: 2459041 | J40: 100000 | K40: =I40*J40 -> 245904100000 | L40: 126591 | M40: 100000 | N40: =L40*M40 -> 12659100000 | O40: =N40/K40 -> 0.051479825
D41: b. | E41: Kendaraan bermotor roda 4 atau lebih | I41: 1273099 | K41: =SUM(K42:K43) -> 254619800000 | L41: =SUM(L42:L43) -> 35904 | N41: =SUM(N42:N43) -> 7180800000 | O41: =N41/K41 -> 0.028202049
E42: 1) | F42: Baru | I42: 626781 | J42: 200000 | K42: =I42*J42 -> 125356200000 | L42: 5943 | M42: 200000 | N42: =L42*M42 -> 1188600000 | O42: =N42/K42 -> 0.0094817807
E43: 2) | F43: Perpanjangan | I43: 646318 | J43: 200000 | K43: =I43*J43 -> 129263600000 | L43: 29961 | M43: 200000 | N43: =L43*M43 -> 5992200000 | O43: =N43/K43 -> 0.046356438
C45: 5 | D45: Penerbitan Tanda Nomor Kendaraan Bermotor (TNKB) | I45: 6000000 | K45: =SUM(K46,K47) -> 411586320000 | L45: =SUM(L46:L47) -> 212003 | N45: =SUM(N46,N47) -> 14136420000 | O45: =N45/K45 -> 0.034346185
D46: a. | E46: Kendaraan Bermotor Roda 2 atau 3 | I46: 4710342 | J46: 60000 | K46: =I46*J46 -> 282620520000 | L46: 176597 | M46: 60000 | N46: =L46*M46 -> 10595820000 | O46: =N46/K46 -> 0.037491333
D47: b. | E47: Kendaraan Bermotor Roda 4 atau lebih | I47: 1289658 | J47: 100000 | K47: =I47*J47 -> 128965800000 | L47: 35406 | M47: 100000 | N47: =L47*M47 -> 3540600000 | O47: =N47/K47 -> 0.02745379
C49: 6 | D49: Penerbitan Surat Tanda Coba Kendaraan Bermotor (STCK) | I49: 1500000 | K49: =SUM(K50:K51) -> 43861750000 | L49: =SUM(L50:L51) -> 59633 | N49: =SUM(N50:N51) -> 1646300000 | O49: =N49/K49 -> 0.037533842
D50: a. | E50: Kendaraan Bermotor Roda 2 atau 3 | I50: 1245530 | J50: 25000 | K50: =I50*J50 -> 31138250000 | L50: 53414 | M50: 25000 | N50: =L50*M50 -> 1335350000 | O50: =N50/K50 -> 0.042884555
D51: b. | E51: Kendaraan Bermotor Roda 4 atau lebih | I51: 254470 | J51: 50000 | K51: =I51*J51 -> 12723500000 | L51: 6219 | M51: 50000 | N51: =L51*M51 -> 310950000 | O51: =N51/K51 -> 0.02443903
C53: 7 | D53: Penerbitan Tanda Coba Kendaraan Bermotor (TCKB) | I53: 75000 | K53: =SUM(K54:K55) -> 5024800000 | L53: =SUM(L54:L55) -> 4734 | N53: =SUM(N54:N55) -> 329200000 | O53: =N53/K53 -> 0.065515045
D54: a. | E54: Kendaraan Bermotor Roda 2 atau 3 | I54: 61880 | J54: 60000 | K54: =I54*J54 -> 3712800000 | L54: 3605 | M54: 60000 | N54: =L54*M54 -> 216300000 | O54: =N54/K54 -> 0.058257919
D55: b. | E55: Kendaraan Bermotor Roda 4 atau lebih | I55: 13120 | J55: 100000 | K55: =I55*J55 -> 1312000000 | L55: 1129 | M55: 100000 | N55: =L55*M55 -> 112900000 | O55: =N55/K55 -> 0.086051829
C57: 8 | D57: Penerbitan Buku Pemilik Kendaraan Bermotor (BPKB) | I57: 2400000 | K57: =+K58+K61 -> 607771500000 | L57: =+L58+L61 -> 87937 | N57: =+N58+N61 -> 21977025000 | O57: =N57/K57 -> 0.036160012
D58: a. | E58: Kendaraan Bermotor roda 2 atau roda 3 | I58: 1948190 | K58: =K59+K60 -> 438342750000 | L58: =L59+L60 -> 73329 | N58: =N59+N60 -> 16499025000 | O58: =N58/K58 -> 0.037639553
E59: 1) | F59: Baru | I59: 1619192 | J59: 225000 | K59: =I59*J59 -> 364318200000 | L59: 53625 | M59: 225000 | N59: =L59*M59 -> 12065625000 | O59: =N59/K59 -> 0.03311837
E60: 2) | F60: Ganti Kepemilikan | I60: 328998 | J60: 225000 | K60: =I60*J60 -> 74024550000 | L60: 19704 | M60: 225000 | N60: =L60*M60 -> 4433400000 | O60: =N60/K60 -> 0.059890942
D61: b. | E61: Kendaraan Bermotor Roda 4 atau lebih | I61: 451810 | K61: =K62+K63 -> 169428750000 | L61: =L62+L63 -> 14608 | N61: =N62+N63 -> 5478000000 | O61: =N61/K61 -> 0.032332175
E62: 1) | F62: Baru | I62: 319858 | J62: 375000 | K62: =I62*J62 -> 119946750000 | L62: 5907 | M62: 375000 | N62: =L62*M62 -> 2215125000 | O62: =N62/K62 -> 0.01846757
E63: 2) | F63: Ganti Kepemilikan | I63: 131952 | J63: 375000 | K63: =I63*J63 -> 49482000000 | L63: 8701 | M63: 375000 | N63: =L63*M63 -> 3262875000 | O63: =N63/K63 -> 0.065940645
C65: 9 | D65: Penerbitan Surat Mutasi Kendaraan Ke Luar Daerah | I65: 250000 | K65: =SUM(K66:K67) -> 50337200000 | L65: =SUM(L66:L67) -> 8823 | N65: =SUM(N66:N67) -> 1732250000 | O65: =N65/K65 -> 0.034412919
D66: a. | E66: Kendaraan Bermotor Roda 2 atau roda 3 | I66: 121628 | J66: 150000 | K66: =I66*J66 -> 18244200000 | L66: 4735 | M66: 150000 | N66: =L66*M66 -> 710250000 | O66: =N66/K66 -> 0.038930181
D67: b. | E67: Kendaraan Bermotor Roda 4 atau lebih | I67: 128372 | J67: 250000 | K67: =I67*J67 -> 32093000000 | L67: 4088 | M67: 250000 | N67: =L67*M67 -> 1022000000 | O67: =N67/K67 -> 0.031844951
C69: 10 | D69: Penerbitan Surat Tanda Nomor Kendaraaan Bermotor Lintas Batas Negara (STNK-LBN) | I69: 0 | K69: =+K70+K73 -> 0 | L69: =+L70+L73 -> 0 | N69: =+N70+N73 -> 0 | O69: =N69/K69 -> #DIV/0!
D70: a. | E70: Kendaraan Bermotor Roda 2 atau roda 3 | I70: 0 | K70: =SUM(K71:K72) -> 0 | L70: =SUM(L71:L72) -> 0 | N70: =SUM(N71:N72) -> 0 | O70: =N70/K70 -> #DIV/0!
E71: 1) | F71: Baru | I71: 0 | J71: 100000 | K71: =I71*J71 -> 0 | L71: ='[1]L. MAT 09 STNKLBN'!G16 -> 0 | M71: 100000 | N71: =L71*M71 -> 0 | O71: =N71/K71 -> #DIV/0!
E72: 2) | F72: Perpanjangan | I72: 0 | J72: 100000 | K72: =I72*J72 -> 0 | L72: ='[1]L. MAT 09 STNKLBN'!I16 -> 0 | M72: 100000 | N72: =L72*M72 -> 0 | O72: =N72/K72 -> #DIV/0!
D73: b. | E73: Kendaraan Bermotor Roda 4 atau lebih | I73: 0 | K73: =SUM(K74:K75) -> 0 | L73: =SUM(L74:L75) -> 0 | N73: =SUM(N74:N75) -> 0 | O73: =N73/K73 -> #DIV/0!
E74: 1) | F74: Baru | I74: 0 | J74: 200000 | K74: =I74*J74 -> 0 | L74: ='[1]L. MAT 09 STNKLBN'!H16 -> 0 | M74: 200000 | N74: =L74*M74 -> 0 | O74: =N74/K74 -> #DIV/0!
E75: 2) | F75: Perpanjangan | I75: 0 | J75: 200000 | K75: =I75*J75 -> 0 | L75: ='[1]L. MAT 09 STNKLBN'!J16 -> 0 | M75: 200000 | N75: =L75*M75 -> 0 | O75: =N75/K75 -> #DIV/0!
C77: 11 | D77: Penerbitan Tanda Nomor Kendaraaan Bermotor Lintas Batas Negara (TNKB-LBN) | I77: 0 | K77: =K78+K81 -> 0 | L77: =L78+L81 -> 0 | N77: =N78+N81 -> 0 | O77: =N77/K77 -> #DIV/0!
D78: a. | E78: Kendaraan Bermotor Roda 2 atau roda 3 | I78: 0 | K78: =SUM(K79:K80) -> 0 | L78: =SUM(L79:L80) -> 0 | N78: =SUM(N79:N80) -> 0 | O78: =N78/K78 -> #DIV/0!
E79: 1) | F79: Baru | I79: 0 | J79: 100000 | K79: =I79*J79 -> 0 | L79: ='[1]L. MAT 10 TNKB LBN'!G16 -> 0 | M79: 100000 | N79: =L79*M79 -> 0 | O79: =N79/K79 -> #DIV/0!
E80: 2) | F80: Perpanjangan | J80: 100000 | K80: =I80*J80 -> 0 | L80: ='[1]L. MAT 10 TNKB LBN'!I16 -> 0 | M80: 100000 | N80: =L80*M80 -> 0 | O80: =N80/K80 -> #DIV/0!
D81: b. | E81: Kendaraan Bermotor Roda 4 atau lebih | I81: 0 | K81: =SUM(K82:K83) -> 0 | L81: =SUM(L82:L83) -> 0 | N81: =SUM(N82:N83) -> 0 | O81: =N81/K81 -> #DIV/0!
E82: 1) | F82: Baru | I82: 0 | J82: 200000 | K82: =I82*J82 -> 0 | L82: ='[1]L. MAT 10 TNKB LBN'!H16 -> 0 | M82: 200000 | N82: =L82*M82 -> 0 | O82: =N82/K82 -> #DIV/0!
E83: 2) | F83: Perpanjangan | I83: 0 | J83: 200000 | K83: =I83*J83 -> 0 | L83: ='[1]L. MAT 10 TNKB LBN'!J16 -> 0 | M83: 200000 | N83: =L83*M83 -> 0 | O83: =N83/K83 -> #DIV/0!
C85: 12 | D85: Penerbitan Nomor Register Kendaraan Bermotor (NRKB) Pilihan | I85: 12000 | K85: =+K86+K89+K92+K95 -> 99500000000 | L85: =+L86+L89+L92+L95 -> 517 | N85: =+N86+N89+N92+N95 -> 4587500000 | O85: =N85/K85 -> 0.046105528
D86: a. | E86: NRKB Pilihan untuk kombinasi 1 (satu) angka | I86: 1053 | K86: =SUM(K87:K88) -> 16585000000 | L86: =SUM(L87:L88) -> 55 | N86: =SUM(N87:N88) -> 825000000 | O86: =N86/K86 -> 0.049743744
E87: 1) | F87: Tidak ada huruf dibelakang angka (blank) | I87: 158 | J87: 20000000 | K87: =I87*J87 -> 3160000000 | L87: 0 | M87: 20000000 | N87: =L87*M87 -> 0 | O87: =N87/K87 -> 0
E88: 2) | F88: Ada huruf dibelakang angka | I88: 895 | J88: 15000000 | K88: =I88*J88 -> 13425000000 | L88: 55 | M88: 15000000 | N88: =L88*M88 -> 825000000 | O88: =N88/K88 -> 0.061452514
D89: b. | E89: NRKB Pilihan untuk 2 (dua) angka | I89: 2383 | K89: =SUM(K90:K91) -> 25435000000 | L89: =SUM(L90:L91) -> 140 | N89: =SUM(N90:N91) -> 1410000000 | O89: =N89/K89 -> 0.055435424
E90: 1) | F90: Tidak ada huruf dibelakang angka (blank) | I90: 321 | J90: 15000000 | K90: =I90*J90 -> 4815000000 | L90: 2 | M90: 15000000 | N90: =L90*M90 -> 30000000 | O90: =N90/K90 -> 0.0062305296
E91: 2) | F91: Ada huruf dibelakang angka | I91: 2062 | J91: 10000000 | K91: =I91*J91 -> 20620000000 | L91: 138 | M91: 10000000 | N91: =L91*M91 -> 1380000000 | O91: =N91/K91 -> 0.066925315
D92: c. | E92: NRKB Pilihan untuk 3 (tiga) angka | I92: 4609 | K92: =SUM(K93:K94) -> 35915000000 | L92: =SUM(L93:L94) -> 272 | N92: =SUM(N93:N94) -> 2077500000 | O92: =N92/K92 -> 0.057844912
E93: 1) | F93: Tidak ada huruf dibelakang angka (blank) | I93: 539 | J93: 10000000 | K93: =I93*J93 -> 5390000000 | L93: 15 | M93: 10000000 | N93: =L93*M93 -> 150000000 | O93: =N93/K93 -> 0.027829314
E94: 2) | F94: Ada huruf dibelakang angka | I94: 4070 | J94: 7500000 | K94: =I94*J94 -> 30525000000 | L94: 257 | M94: 7500000 | N94: =L94*M94 -> 1927500000 | O94: =N94/K94 -> 0.063144963
D95: d. | E95: NRKB Pilihan untuk 4 (empat) angka | I95: 3955 | K95: =SUM(K96:K97) -> 21565000000 | L95: =SUM(L96:L97) -> 50 | N95: =SUM(N96:N97) -> 275000000 | O95: =N95/K95 -> 0.012752145
E96: 1) | F96: Tidak ada huruf dibelakang angka (blank) | I96: 716 | J96: 7500000 | K96: =I96*J96 -> 5370000000 | L96: 10 | M96: 7500000 | N96: =L96*M96 -> 75000000 | O96: =N96/K96 -> 0.01396648
E97: 2) | F97: Ada huruf dibelakang angka | I97: 3239 | J97: 5000000 | K97: =I97*J97 -> 16195000000 | L97: 40 | M97: 5000000 | N97: =L97*M97 -> 200000000 | O97: =N97/K97 -> 0.012349491
C99: TOTAL TARGET | I99: =SUM(I13,I24,I35,I37,I45,I49,I53,I57,I65,I69,I77,I85) -> 19337001 | K99: =SUM(K13,K24,K35,K37,K45,K49,K53,K57,K65,K69,K77,K85) -> 2210588370000 | L99: =SUM(L13,L24,L35,L37,L45,L49,L53,L57,L65,L69,L77,L85) -> 725728 | N99: =SUM(N13,N24,N35,N37,N45,N49,N53,N57,N65,N69,N77,N85) -> 80646270000 | O99: =N99/K99 -> 0.036481812

Sheet APRIL
B6: REALISASI TARGET PNBP T.A. 2026
B7: BULAN APRIL T.A. 2026
B10: NO | C10: JENIS PENERIMAAN | I10: DATA TARGET | L10: REALISASI | O10: PROSENTASE
I11: VOLUME | J11: TARIF | K11: TARGET (Rp.) | L11: VOLUME | M11: TARIF | N11: REALISASI (Rp.)
B12: 1 | C12: 2 | I12: 3 | J12: 4 | K12: 5 | L12: 3 | M12: 4 | N12: 5 | O12: 6
C13: 1 | D13: Pengujian untuk penerbitan Surat Izin Mengemudi (SIM) baru | I13: 1002980 | K13: =SUM(K14:K22) -> 106956030000 | L13: =SUM(L14:L22) -> 36246 | N13: =SUM(N14:N22) -> 3933500000 | O13: =N13/K13 -> 0.036776795
D14: a. | E14: Penerbitan SIM A | I14: 294130 | J14: 120000 | K14: =I14*J14 -> 35295600000 | L14: 13251 | M14: 120000 | N14: =L14*M14 -> 1590120000 | O14: =N14/K14 -> 0.045051508
D15: b. | E15: Penerbitan SIM B I | I15: 30304 | J15: 120000 | K15: =I15*J15 -> 3636480000 | L15: 1677 | M15: 120000 | N15: =L15*M15 -> 201240000 | O15: =N15/K15 -> 0.055339229
D16: c. | E16: Penerbitan SIM B II | I16: 13370 | J16: 120000 | K16: =I16*J16 -> 1604400000 | L16: 527 | M16: 120000 | N16: =L16*M16 -> 63240000 | O16: =N16/K16 -> 0.039416604
D17: d. | E17: Penerbitan SIM C | I17: 662649 | J17: 100000 | K17: =I17*J17 -> 66264900000 | L17: 20781 | M17: 100000 | N17: =L17*M17 -> 2078100000 | O17: =N17/K17 -> 0.031360494
D18: e. | E18: Penerbitan SIM C I | I18: 299 | J18: 100000 | K18: =I18*J18 -> 29900000 | L18: 6 | M18: 100000 | N18: =L18*M18 -> 600000 | O18: =N18/K18 -> 0.02006689
D19: f. | E19: Penerbitan SIM C II | I19: 267 | J19: 100000 | K19: =I19*J19 -> 26700000 | L19: 0 | M19: 100000 | N19: =L19*M19 -> 0 | O19: =N19/K19 -> 0
D20: g. | E20: Penerbitan SIM D | I20: 1925 | J20: 50000 | K20: =I20*J20 -> 96250000 | L20: 3 | M20: 50000 | N20: =L20*M20 -> 150000 | O20: =N20/K20 -> 0.0015584416
D21: h. | E21: Penerbitan SIM D I | I21: 36 | J21: 50000 | K21: =I21*J21 -> 1800000 | L21: 1 | M21: 50000 | N21: =L21*M21 -> 50000 | O21: =N21/K21 -> 0.027777778
D22: i. | E22: Pembuatan SIM International | I22: 0 | J22: 250000 | K22: =I22*J22 -> 0 | L22: 0 | M22: 250000 | N22: =L22*M22 -> 0 | O22: =N22/K22 -> #DIV/0!
C24: 2 | D24: Penerbitan Perpanjangan Surat Izin Mengemudi (SIM) | I24: 1997021 | K24: =SUM(K25:K33) -> 153240870000 | L24: =SUM(L25:L33) -> 125380 | N24: =SUM(N25:N33) -> 9622120000 | O24: =N24/K24 -> 0.062790821
D25: a. | E25: Penerbitan SIM A | I25: 596792 | J25: 80000 | K25: =I25*J25 -> 47743360000 | L25: 39234 | M25: 80000 | N25: =L25*M25 -> 3138720000 | O25: =N25/K25 -> 0.065741498
D26: b. | E26: Penerbitan SIM B I | I26: 63576 | J26: 80000 | K26: =I26*J26 -> 5086080000 | L26: 2805 | M26: 80000 | N26: =L26*M26 -> 224400000 | O26: =N26/K26 -> 0.044120423
D27: c. | E27: Penerbitan SIM B II | I27: 35983 | J27: 80000 | K27: =I27*J27 -> 2878640000 | L27: 1784 | M27: 80000 | N27: =L27*M27 -> 142720000 | O27: =N27/K27 -> 0.049578968
D28: d. | E28: Penerbitan SIM C | I28: 1296381 | J28: 75000 | K28: =I28*J28 -> 97228575000 | L28: 81517 | M28: 75000 | N28: =L28*M28 -> 6113775000 | O28: =N28/K28 -> 0.062880434
D29: e. | E29: Penerbitan SIM C I | I29: 3815 | J29: 75000 | K29: =I29*J29 -> 286125000 | L29: 29 | M29: 75000 | N29: =L29*M29 -> 2175000 | O29: =N29/K29 -> 0.0076015727
D30: f. | E30: Penerbitan SIM C II | I30: 86 | J30: 75000 | K30: =I30*J30 -> 6450000 | L30: 0 | M30: 75000 | N30: =L30*M30 -> 0 | O30: =N30/K30 -> 0
D31: g. | E31: Penerbitan SIM D | I31: 360 | J31: 30000 | K31: =I31*J31 -> 10800000 | L31: 11 | M31: 30000 | N31: =L31*M31 -> 330000 | O31: =N31/K31 -> 0.030555556
D32: h. | E32: Penerbitan SIM D I | I32: 28 | J32: 30000 | K32: =I32*J32 -> 840000 | L32: 0 | M32: 30000 | N32: =L32*M32 -> 0 | O32: =N32/K32 -> 0
D33: i. | E33: Penerbitan SIM Internasional | I33: 0 | J33: 225000 | K33: =I33*J33 -> 0 | L33: 0 | M33: 225000 | N33: =L33*M33 -> 0
C35: 3 | D35: Penerbitan Surat Keterangan Uji Keterampilan Pengemudi (SKUKP) | I35: 100000 | J35: 50000 | K35: =I35*J35 -> 5000000000 | L35: 6804 | M35: 50000 | N35: =L35*M35 -> 340200000 | O35: =N35/K35 -> 0.06804
C37: 4 | D37: Penerbitan Surat Tanda Nomor Kendaraan Bermotor (STNK) | I37: 6000000 | K37: =+K38+K41 -> 727309900000 | L37: =L38+L41 -> 268498 | N37: =+N38+N41 -> 31460000000 | O37: =N37/K37 -> 0.043255289
D38: a. | E38: Kendaraan Bermotor roda 2 atau roda 3 | I38: 4726901 | K38: =SUM(K39:K40) -> 472690100000 | L38: =SUM(L39:L40) -> 222396 | N38: =SUM(N39:N40) -> 22239600000 | O38: =N38/K38 -> 0.047049007
E39: 1) | F39: Baru | I39: 2267860 | J39: 100000 | K39: =I39*J39 -> 226786000000 | L39: 61032 | M39: 100000 | N39: =L39*M39 -> 6103200000 | O39: =N39/K39 -> 0.026911714
E40: 2) | F40: Perpanjangan | I40: 2459041 | J40: 100000 | K40: =I40*J40 -> 245904100000 | L40: 161364 | M40: 100000 | N40: =L40*M40 -> 16136400000 | O40: =N40/K40 -> 0.065620703
D41: b. | E41: Kendaraan bermotor roda 4 atau lebih | I41: 1273099 | K41: =SUM(K42:K43) -> 254619800000 | L41: =SUM(L42:L43) -> 46102 | N41: =SUM(N42:N43) -> 9220400000 | O41: =N41/K41 -> 0.036212423
E42: 1) | F42: Baru | I42: 626781 | J42: 200000 | K42: =I42*J42 -> 125356200000 | L42: 6578 | M42: 200000 | N42: =L42*M42 -> 1315600000 | O42: =N42/K42 -> 0.010494894
E43: 2) | F43: Perpanjangan | I43: 646318 | J43: 200000 | K43: =I43*J43 -> 129263600000 | L43: 39524 | M43: 200000 | N43: =L43*M43 -> 7904800000 | O43: =N43/K43 -> 0.06115256
C45: 5 | D45: Penerbitan Tanda Nomor Kendaraan Bermotor (TNKB) | I45: 6000000 | K45: =SUM(K46,K47) -> 411586320000 | L45: =SUM(L46:L47) -> 262184 | N45: =SUM(N46,N47) -> 17547120000 | O45: =N45/K45 -> 0.042632904
D46: a. | E46: Kendaraan Bermotor Roda 2 atau 3 | I46: 4710342 | J46: 60000 | K46: =I46*J46 -> 282620520000 | L46: 216782 | M46: 60000 | N46: =L46*M46 -> 13006920000 | O46: =N46/K46 -> 0.046022561
D47: b. | E47: Kendaraan Bermotor Roda 4 atau lebih | I47: 1289658 | J47: 100000 | K47: =I47*J47 -> 128965800000 | L47: 45402 | M47: 100000 | N47: =L47*M47 -> 4540200000 | O47: =N47/K47 -> 0.035204682
C49: 6 | D49: Penerbitan Surat Tanda Coba Kendaraan Bermotor (STCK) | I49: 1500000 | K49: =SUM(K50:K51) -> 43861750000 | L49: =SUM(L50:L51) -> 68032 | N49: =SUM(N50:N51) -> 1874600000 | O49: =N49/K49 -> 0.042738833
D50: a. | E50: Kendaraan Bermotor Roda 2 atau 3 | I50: 1245530 | J50: 25000 | K50: =I50*J50 -> 31138250000 | L50: 61080 | M50: 25000 | N50: =L50*M50 -> 1527000000 | O50: =N50/K50 -> 0.049039365
D51: b. | E51: Kendaraan Bermotor Roda 4 atau lebih | I51: 254470 | J51: 50000 | K51: =I51*J51 -> 12723500000 | L51: 6952 | M51: 50000 | N51: =L51*M51 -> 347600000 | O51: =N51/K51 -> 0.027319527
C53: 7 | D53: Penerbitan Tanda Coba Kendaraan Bermotor (TCKB) | I53: 75000 | K53: =SUM(K54:K55) -> 5024800000 | L53: =SUM(L54:L55) -> 5503 | N53: =SUM(N54:N55) -> 382340000 | O53: =N53/K53 -> 0.076090591
D54: a. | E54: Kendaraan Bermotor Roda 2 atau 3 | I54: 61880 | J54: 60000 | K54: =I54*J54 -> 3712800000 | L54: 4199 | M54: 60000 | N54: =L54*M54 -> 251940000 | O54: =N54/K54 -> 0.067857143
D55: b. | E55: Kendaraan Bermotor Roda 4 atau lebih | I55: 13120 | J55: 100000 | K55: =I55*J55 -> 1312000000 | L55: 1304 | M55: 100000 | N55: =L55*M55 -> 130400000 | O55: =N55/K55 -> 0.099390244
C57: 8 | D57: Penerbitan Buku Pemilik Kendaraan Bermotor (BPKB) | I57: 2400000 | K57: =+K58+K61 -> 607771500000 | L57: =+L58+L61 -> 105058 | N57: =+N58+N61 -> 26296050000 | O57: =N57/K57 -> 0.043266343
D58: a. | E58: Kendaraan Bermotor roda 2 atau roda 3 | I58: 1948190 | K58: =K59+K60 -> 438342750000 | L58: =L59+L60 -> 87338 | N58: =N59+N60 -> 19651050000 | O58: =N58/K58 -> 0.04483033
E59: 1) | F59: Baru | I59: 1619192 | J59: 225000 | K59: =I59*J59 -> 364318200000 | L59: 61015 | M59: 225000 | N59: =L59*M59 -> 13728375000 | O59: =N59/K59 -> 0.037682375
E60: 2) | F60: Ganti Kepemilikan | I60: 328998 | J60: 225000 | K60: =I60*J60 -> 74024550000 | L60: 26323 | M60: 225000 | N60: =L60*M60 -> 5922675000 | O60: =N60/K60 -> 0.080009605
D61: b. | E61: Kendaraan Bermotor Roda 4 atau lebih | I61: 451810 | K61: =K62+K63 -> 169428750000 | L61: =L62+L63 -> 17720 | N61: =N62+N63 -> 6645000000 | O61: =N61/K61 -> 0.039220026
E62: 1) | F62: Baru | I62: 319858 | J62: 375000 | K62: =I62*J62 -> 119946750000 | L62: 6573 | M62: 375000 | N62: =L62*M62 -> 2464875000 | O62: =N62/K62 -> 0.020549744
E63: 2) | F63: Ganti Kepemilikan | I63: 131952 | J63: 375000 | K63: =I63*J63 -> 49482000000 | L63: 11147 | M63: 375000 | N63: =L63*M63 -> 4180125000 | O63: =N63/K63 -> 0.084477689
C65: 9 | D65: Penerbitan Surat Mutasi Kendaraan Ke Luar Daerah | I65: 250000 | K65: =SUM(K66:K67) -> 50337200000 | L65: =SUM(L66:L67) -> 14306 | N65: =SUM(N66:N67) -> 2855700000 | O65: =N65/K65 -> 0.056731403
D66: a. | E66: Kendaraan Bermotor Roda 2 atau roda 3 | I66: 121628 | J66: 150000 | K66: =I66*J66 -> 18244200000 | L66: 7208 | M66: 150000 | N66: =L66*M66 -> 1081200000 | O66: =N66/K66 -> 0.05926267
D67: b. | E67: Kendaraan Bermotor Roda 4 atau lebih | I67: 128372 | J67: 250000 | K67: =I67*J67 -> 32093000000 | L67: 7098 | M67: 250000 | N67: =L67*M67 -> 1774500000 | O67: =N67/K67 -> 0.055292431
C69: 10 | D69: Penerbitan Surat Tanda Nomor Kendaraaan Bermotor Lintas Batas Negara (STNK-LBN) | I69: 0 | K69: =+K70+K73 -> 0 | L69: =+L70+L73 -> 0 | N69: =+N70+N73 -> 0 | O69: =N69/K69 -> #DIV/0!
D70: a. | E70: Kendaraan Bermotor Roda 2 atau roda 3 | I70: 0 | K70: =SUM(K71:K72) -> 0 | L70: =SUM(L71:L72) -> 0 | N70: =SUM(N71:N72) -> 0 | O70: =N70/K70 -> #DIV/0!
E71: 1) | F71: Baru | I71: 0 | J71: 100000 | K71: =I71*J71 -> 0 | L71: ='[1]L. MAT 09 STNKLBN'!G16 -> 0 | M71: 100000 | N71: =L71*M71 -> 0 | O71: =N71/K71 -> #DIV/0!
E72: 2) | F72: Perpanjangan | I72: 0 | J72: 100000 | K72: =I72*J72 -> 0 | L72: ='[1]L. MAT 09 STNKLBN'!I16 -> 0 | M72: 100000 | N72: =L72*M72 -> 0 | O72: =N72/K72 -> #DIV/0!
D73: b. | E73: Kendaraan Bermotor Roda 4 atau lebih | I73: 0 | K73: =SUM(K74:K75) -> 0 | L73: =SUM(L74:L75) -> 0 | N73: =SUM(N74:N75) -> 0 | O73: =N73/K73 -> #DIV/0!
E74: 1) | F74: Baru | I74: 0 | J74: 200000 | K74: =I74*J74 -> 0 | L74: ='[1]L. MAT 09 STNKLBN'!H16 -> 0 | M74: 200000 | N74: =L74*M74 -> 0 | O74: =N74/K74 -> #DIV/0!
E75: 2) | F75: Perpanjangan | I75: 0 | J75: 200000 | K75: =I75*J75 -> 0 | L75: ='[1]L. MAT 09 STNKLBN'!J16 -> 0 | M75: 200000 | N75: =L75*M75 -> 0 | O75: =N75/K75 -> #DIV/0!
C77: 11 | D77: Penerbitan Tanda Nomor Kendaraaan Bermotor Lintas Batas Negara (TNKB-LBN) | I77: 0 | K77: =K78+K81 -> 0 | L77: =L78+L81 -> 0 | N77: =N78+N81 -> 0 | O77: =N77/K77 -> #DIV/0!
D78: a. | E78: Kendaraan Bermotor Roda 2 atau roda 3 | I78: 0 | K78: =SUM(K79:K80) -> 0 | L78: =SUM(L79:L80) -> 0 | N78: =SUM(N79:N80) -> 0 | O78: =N78/K78 -> #DIV/0!
E79: 1) | F79: Baru | I79: 0 | J79: 100000 | K79: =I79*J79 -> 0 | L79: ='[1]L. MAT 10 TNKB LBN'!G16 -> 0 | M79: 100000 | N79: =L79*M79 -> 0 | O79: =N79/K79 -> #DIV/0!
E80: 2) | F80: Perpanjangan | J80: 100000 | K80: =I80*J80 -> 0 | L80: ='[1]L. MAT 10 TNKB LBN'!I16 -> 0 | M80: 100000 | N80: =L80*M80 -> 0 | O80: =N80/K80 -> #DIV/0!
D81: b. | E81: Kendaraan Bermotor Roda 4 atau lebih | I81: 0 | K81: =SUM(K82:K83) -> 0 | L81: =SUM(L82:L83) -> 0 | N81: =SUM(N82:N83) -> 0 | O81: =N81/K81 -> #DIV/0!
E82: 1) | F82: Baru | I82: 0 | J82: 200000 | K82: =I82*J82 -> 0 | L82: ='[1]L. MAT 10 TNKB LBN'!H16 -> 0 | M82: 200000 | N82: =L82*M82 -> 0 | O82: =N82/K82 -> #DIV/0!
E83: 2) | F83: Perpanjangan | I83: 0 | J83: 200000 | K83: =I83*J83 -> 0 | L83: ='[1]L. MAT 10 TNKB LBN'!J16 -> 0 | M83: 200000 | N83: =L83*M83 -> 0 | O83: =N83/K83 -> #DIV/0!
C85: 12 | D85: Penerbitan Nomor Register Kendaraan Bermotor (NRKB) Pilihan | I85: 12000 | K85: =+K86+K89+K92+K95 -> 99500000000 | L85: =+L86+L89+L92+L95 -> 668 | N85: =+N86+N89+N92+N95 -> 5945000000 | O85: =N85/K85 -> 0.059748744
D86: a. | E86: NRKB Pilihan untuk kombinasi 1 (satu) angka | I86: 1053 | K86: =SUM(K87:K88) -> 16585000000 | L86: =SUM(L87:L88) -> 76 | N86: =SUM(N87:N88) -> 1155000000 | O86: =N86/K86 -> 0.069641242
E87: 1) | F87: Tidak ada huruf dibelakang angka (blank) | I87: 158 | J87: 20000000 | K87: =I87*J87 -> 3160000000 | L87: 3 | M87: 20000000 | N87: =L87*M87 -> 60000000 | O87: =N87/K87 -> 0.018987342
E88: 2) | F88: Ada huruf dibelakang angka | I88: 895 | J88: 15000000 | K88: =I88*J88 -> 13425000000 | L88: 73 | M88: 15000000 | N88: =L88*M88 -> 1095000000 | O88: =N88/K88 -> 0.081564246
D89: b. | E89: NRKB Pilihan untuk 2 (dua) angka | I89: 2383 | K89: =SUM(K90:K91) -> 25435000000 | L89: =SUM(L90:L91) -> 163 | N89: =SUM(N90:N91) -> 1650000000 | O89: =N89/K89 -> 0.06487124
E90: 1) | F90: Tidak ada huruf dibelakang angka (blank) | I90: 321 | J90: 15000000 | K90: =I90*J90 -> 4815000000 | L90: 4 | M90: 15000000 | N90: =L90*M90 -> 60000000 | O90: =N90/K90 -> 0.012461059
E91: 2) | F91: Ada huruf dibelakang angka | I91: 2062 | J91: 10000000 | K91: =I91*J91 -> 20620000000 | L91: 159 | M91: 10000000 | N91: =L91*M91 -> 1590000000 | O91: =N91/K91 -> 0.077109602
D92: c. | E92: NRKB Pilihan untuk 3 (tiga) angka | I92: 4609 | K92: =SUM(K93:K94) -> 35915000000 | L92: =SUM(L93:L94) -> 344 | N92: =SUM(N93:N94) -> 2625000000 | O92: =N92/K92 -> 0.073089238
E93: 1) | F93: Tidak ada huruf dibelakang angka (blank) | I93: 539 | J93: 10000000 | K93: =I93*J93 -> 5390000000 | L93: 18 | M93: 10000000 | N93: =L93*M93 -> 180000000 | O93: =N93/K93 -> 0.033395176
E94: 2) | F94: Ada huruf dibelakang angka | I94: 4070 | J94: 7500000 | K94: =I94*J94 -> 30525000000 | L94: 326 | M94: 7500000 | N94: =L94*M94 -> 2445000000 | O94: =N94/K94 -> 0.08009828
D95: d. | E95: NRKB Pilihan untuk 4 (empat) angka | I95: 3955 | K95: =SUM(K96:K97) -> 21565000000 | L95: =SUM(L96:L97) -> 85 | N95: =SUM(N96:N97) -> 515000000 | O95: =N95/K95 -> 0.023881289
E96: 1) | F96: Tidak ada huruf dibelakang angka (blank) | I96: 716 | J96: 7500000 | K96: =I96*J96 -> 5370000000 | L96: 36 | M96: 7500000 | N96: =L96*M96 -> 270000000 | O96: =N96/K96 -> 0.05027933
E97: 2) | F97: Ada huruf dibelakang angka | I97: 3239 | J97: 5000000 | K97: =I97*J97 -> 16195000000 | L97: 49 | M97: 5000000 | N97: =L97*M97 -> 245000000 | O97: =N97/K97 -> 0.015128126
C99: TOTAL TARGET | I99: =SUM(I13,I24,I35,I37,I45,I49,I53,I57,I65,I69,I77,I85) -> 19337001 | K99: =SUM(K13,K24,K35,K37,K45,K49,K53,K57,K65,K69,K77,K85) -> 2210588370000 | L99: =SUM(L13,L24,L35,L37,L45,L49,L53,L57,L65,L69,L77,L85) -> 892679 | N99: =SUM(N13,N24,N35,N37,N45,N49,N53,N57,N65,N69,N77,N85) -> 100256630000 | O99: =N99/K99 -> 0.045352917

Sheet MEI
B6: REALISASI TARGET PNBP T.A. 2026
B7: BULAN MEI T.A. 2026
B10: NO | C10: JENIS PENERIMAAN | I10: DATA TARGET | L10: REALISASI | O10: PROSENTASE
I11: VOLUME | J11: TARIF | K11: TARGET (Rp.) | L11: VOLUME | M11: TARIF | N11: REALISASI (Rp.)
B12: 1 | C12: 2 | I12: 3 | J12: 4 | K12: 5 | L12: 3 | M12: 4 | N12: 5 | O12: 6
C13: 1 | D13: Pengujian untuk penerbitan Surat Izin Mengemudi (SIM) baru | I13: 1002980 | K13: =SUM(K14:K22) -> 106956030000 | L13: =SUM(L14:L22) -> 31200 | N13: =SUM(N14:N22) -> 3383700000 | O13: =N13/K13 -> 0.031636365
D14: a. | E14: Penerbitan SIM A | I14: 294130 | J14: 120000 | K14: =I14*J14 -> 35295600000 | L14: 11276 | M14: 120000 | N14: =L14*M14 -> 1353120000 | O14: =N14/K14 -> 0.03833679
D15: b. | E15: Penerbitan SIM B I | I15: 30304 | J15: 120000 | K15: =I15*J15 -> 3636480000 | L15: 1442 | M15: 120000 | N15: =L15*M15 -> 173040000 | O15: =N15/K15 -> 0.047584477
D16: c. | E16: Penerbitan SIM B II | I16: 13370 | J16: 120000 | K16: =I16*J16 -> 1604400000 | L16: 502 | M16: 120000 | N16: =L16*M16 -> 60240000 | O16: =N16/K16 -> 0.037546746
D17: d. | E17: Penerbitan SIM C | I17: 662649 | J17: 100000 | K17: =I17*J17 -> 66264900000 | L17: 17963 | M17: 100000 | N17: =L17*M17 -> 1796300000 | O17: =N17/K17 -> 0.027107866
D18: e. | E18: Penerbitan SIM C I | I18: 299 | J18: 100000 | K18: =I18*J18 -> 29900000 | L18: 3 | M18: 100000 | N18: =L18*M18 -> 300000 | O18: =N18/K18 -> 0.010033445
D19: f. | E19: Penerbitan SIM C II | I19: 267 | J19: 100000 | K19: =I19*J19 -> 26700000 | L19: 0 | M19: 100000 | N19: =L19*M19 -> 0 | O19: =N19/K19 -> 0
D20: g. | E20: Penerbitan SIM D | I20: 1925 | J20: 50000 | K20: =I20*J20 -> 96250000 | L20: 14 | M20: 50000 | N20: =L20*M20 -> 700000 | O20: =N20/K20 -> 0.0072727273
D21: h. | E21: Penerbitan SIM D I | I21: 36 | J21: 50000 | K21: =I21*J21 -> 1800000 | L21: 0 | M21: 50000 | N21: =L21*M21 -> 0 | O21: =N21/K21 -> 0
D22: i. | E22: Pembuatan SIM International | I22: 0 | J22: 250000 | K22: =I22*J22 -> 0 | L22: 0 | M22: 250000 | N22: =L22*M22 -> 0 | O22: =N22/K22 -> #DIV/0!
C24: 2 | D24: Penerbitan Perpanjangan Surat Izin Mengemudi (SIM) | I24: 1997021 | K24: =SUM(K25:K33) -> 153240870000 | L24: =SUM(L25:L33) -> 113577 | N24: =SUM(N25:N33) -> 8715480000 | O24: =N24/K24 -> 0.056874383
D25: a. | E25: Penerbitan SIM A | I25: 596792 | J25: 80000 | K25: =I25*J25 -> 47743360000 | L25: 35513 | M25: 80000 | N25: =L25*M25 -> 2841040000 | O25: =N25/K25 -> 0.059506495
D26: b. | E26: Penerbitan SIM B I | I26: 63576 | J26: 80000 | K26: =I26*J26 -> 5086080000 | L26: 2361 | M26: 80000 | N26: =L26*M26 -> 188880000 | O26: =N26/K26 -> 0.037136655
D27: c. | E27: Penerbitan SIM B II | I27: 35983 | J27: 80000 | K27: =I27*J27 -> 2878640000 | L27: 1612 | M27: 80000 | N27: =L27*M27 -> 128960000 | O27: =N27/K27 -> 0.044798933
D28: d. | E28: Penerbitan SIM C | I28: 1296381 | J28: 75000 | K28: =I28*J28 -> 97228575000 | L28: 74086 | M28: 75000 | N28: =L28*M28 -> 5556450000 | O28: =N28/K28 -> 0.057148323
D29: e. | E29: Penerbitan SIM C I | I29: 3815 | J29: 75000 | K29: =I29*J29 -> 286125000 | L29: 0 | M29: 75000 | N29: =L29*M29 -> 0 | O29: =N29/K29 -> 0
D30: f. | E30: Penerbitan SIM C II | I30: 86 | J30: 75000 | K30: =I30*J30 -> 6450000 | L30: 0 | M30: 75000 | N30: =L30*M30 -> 0 | O30: =N30/K30 -> 0
D31: g. | E31: Penerbitan SIM D | I31: 360 | J31: 30000 | K31: =I31*J31 -> 10800000 | L31: 5 | M31: 30000 | N31: =L31*M31 -> 150000 | O31: =N31/K31 -> 0.013888889
D32: h. | E32: Penerbitan SIM D I | I32: 28 | J32: 30000 | K32: =I32*J32 -> 840000 | L32: 0 | M32: 30000 | N32: =L32*M32 -> 0 | O32: =N32/K32 -> 0
D33: i. | E33: Penerbitan SIM Internasional | I33: 0 | J33: 225000 | K33: =I33*J33 -> 0 | L33: 0 | M33: 225000 | N33: =L33*M33 -> 0
C35: 3 | D35: Penerbitan Surat Keterangan Uji Keterampilan Pengemudi (SKUKP) | I35: 100000 | J35: 50000 | K35: =I35*J35 -> 5000000000 | L35: 5682 | M35: 50000 | N35: =L35*M35 -> 284100000 | O35: =N35/K35 -> 0.05682
C37: 4 | D37: Penerbitan Surat Tanda Nomor Kendaraan Bermotor (STNK) | I37: 6000000 | K37: =+K38+K41 -> 727309900000 | L37: =L38+L41 -> 229557 | N37: =+N38+N41 -> 27063600000 | O37: =N37/K37 -> 0.037210548
D38: a. | E38: Kendaraan Bermotor roda 2 atau roda 3 | I38: 4726901 | K38: =SUM(K39:K40) -> 472690100000 | L38: =SUM(L39:L40) -> 188478 | N38: =SUM(N39:N40) -> 18847800000 | O38: =N38/K38 -> 0.039873482
E39: 1) | F39: Baru | I39: 2267860 | J39: 100000 | K39: =I39*J39 -> 226786000000 | L39: 46460 | M39: 100000 | N39: =L39*M39 -> 4646000000 | O39: =N39/K39 -> 0.020486273
E40: 2) | F40: Perpanjangan | I40: 2459041 | J40: 100000 | K40: =I40*J40 -> 245904100000 | L40: 142018 | M40: 100000 | N40: =L40*M40 -> 14201800000 | O40: =N40/K40 -> 0.057753409
D41: b. | E41: Kendaraan bermotor roda 4 atau lebih | I41: 1273099 | K41: =SUM(K42:K43) -> 254619800000 | L41: =SUM(L42:L43) -> 41079 | N41: =SUM(N42:N43) -> 8215800000 | O41: =N41/K41 -> 0.032266933
E42: 1) | F42: Baru | I42: 626781 | J42: 200000 | K42: =I42*J42 -> 125356200000 | L42: 5559 | M42: 200000 | N42: =L42*M42 -> 1111800000 | O42: =N42/K42 -> 0.0088691265
E43: 2) | F43: Perpanjangan | I43: 646318 | J43: 200000 | K43: =I43*J43 -> 129263600000 | L43: 35520 | M43: 200000 | N43: =L43*M43 -> 7104000000 | O43: =N43/K43 -> 0.054957467
C45: 5 | D45: Penerbitan Tanda Nomor Kendaraan Bermotor (TNKB) | I45: 6000000 | K45: =SUM(K46,K47) -> 411586320000 | L45: =SUM(L46:L47) -> 224468 | N45: =SUM(N46,N47) -> 15089080000 | O45: =N45/K45 -> 0.036660791
D46: a. | E46: Kendaraan Bermotor Roda 2 atau 3 | I46: 4710342 | J46: 60000 | K46: =I46*J46 -> 282620520000 | L46: 183943 | M46: 60000 | N46: =L46*M46 -> 11036580000 | O46: =N46/K46 -> 0.03905088
D47: b. | E47: Kendaraan Bermotor Roda 4 atau lebih | I47: 1289658 | J47: 100000 | K47: =I47*J47 -> 128965800000 | L47: 40525 | M47: 100000 | N47: =L47*M47 -> 4052500000 | O47: =N47/K47 -> 0.031423059
C49: 6 | D49: Penerbitan Surat Tanda Coba Kendaraan Bermotor (STCK) | I49: 1500000 | K49: =SUM(K50:K51) -> 43861750000 | L49: =SUM(L50:L51) -> 52281 | N49: =SUM(N50:N51) -> 1454650000 | O49: =N49/K49 -> 0.033164431
D50: a. | E50: Kendaraan Bermotor Roda 2 atau 3 | I50: 1245530 | J50: 25000 | K50: =I50*J50 -> 31138250000 | L50: 46376 | M50: 25000 | N50: =L50*M50 -> 1159400000 | O50: =N50/K50 -> 0.037233949
D51: b. | E51: Kendaraan Bermotor Roda 4 atau lebih | I51: 254470 | J51: 50000 | K51: =I51*J51 -> 12723500000 | L51: 5905 | M51: 50000 | N51: =L51*M51 -> 295250000 | O51: =N51/K51 -> 0.023205093
C53: 7 | D53: Penerbitan Tanda Coba Kendaraan Bermotor (TCKB) | I53: 75000 | K53: =SUM(K54:K55) -> 5024800000 | L53: =SUM(L54:L55) -> 4260 | N53: =SUM(N54:N55) -> 299120000 | O53: =N53/K53 -> 0.059528737
D54: a. | E54: Kendaraan Bermotor Roda 2 atau 3 | I54: 61880 | J54: 60000 | K54: =I54*J54 -> 3712800000 | L54: 3172 | M54: 60000 | N54: =L54*M54 -> 190320000 | O54: =N54/K54 -> 0.051260504
D55: b. | E55: Kendaraan Bermotor Roda 4 atau lebih | I55: 13120 | J55: 100000 | K55: =I55*J55 -> 1312000000 | L55: 1088 | M55: 100000 | N55: =L55*M55 -> 108800000 | O55: =N55/K55 -> 0.082926829
C57: 8 | D57: Penerbitan Buku Pemilik Kendaraan Bermotor (BPKB) | I57: 2400000 | K57: =+K58+K61 -> 607771500000 | L57: =+L58+L61 -> 86213 | N57: =+N58+N61 -> 21848325000 | O57: =N57/K57 -> 0.035948255
D58: a. | E58: Kendaraan Bermotor roda 2 atau roda 3 | I58: 1948190 | K58: =K59+K60 -> 438342750000 | L58: =L59+L60 -> 69877 | N58: =N59+N60 -> 15722325000 | O58: =N58/K58 -> 0.035867652
E59: 1) | F59: Baru | I59: 1619192 | J59: 225000 | K59: =I59*J59 -> 364318200000 | L59: 46457 | M59: 225000 | N59: =L59*M59 -> 10452825000 | O59: =N59/K59 -> 0.028691471
E60: 2) | F60: Ganti Kepemilikan | I60: 328998 | J60: 225000 | K60: =I60*J60 -> 74024550000 | L60: 23420 | M60: 225000 | N60: =L60*M60 -> 5269500000 | O60: =N60/K60 -> 0.071185843
D61: b. | E61: Kendaraan Bermotor Roda 4 atau lebih | I61: 451810 | K61: =K62+K63 -> 169428750000 | L61: =L62+L63 -> 16336 | N61: =N62+N63 -> 6126000000 | O61: =N61/K61 -> 0.036156792
E62: 1) | F62: Baru | I62: 319858 | J62: 375000 | K62: =I62*J62 -> 119946750000 | L62: 5541 | M62: 375000 | N62: =L62*M62 -> 2077875000 | O62: =N62/K62 -> 0.017323312
E63: 2) | F63: Ganti Kepemilikan | I63: 131952 | J63: 375000 | K63: =I63*J63 -> 49482000000 | L63: 10795 | M63: 375000 | N63: =L63*M63 -> 4048125000 | O63: =N63/K63 -> 0.081810052
C65: 9 | D65: Penerbitan Surat Mutasi Kendaraan Ke Luar Daerah | I65: 250000 | K65: =SUM(K66:K67) -> 50337200000 | L65: =SUM(L66:L67) -> 11803 | N65: =SUM(N66:N67) -> 2364650000 | O65: =N65/K65 -> 0.046976193
D66: a. | E66: Kendaraan Bermotor Roda 2 atau roda 3 | I66: 121628 | J66: 150000 | K66: =I66*J66 -> 18244200000 | L66: 5861 | M66: 150000 | N66: =L66*M66 -> 879150000 | O66: =N66/K66 -> 0.048187917
D67: b. | E67: Kendaraan Bermotor Roda 4 atau lebih | I67: 128372 | J67: 250000 | K67: =I67*J67 -> 32093000000 | L67: 5942 | M67: 250000 | N67: =L67*M67 -> 1485500000 | O67: =N67/K67 -> 0.046287352
C69: 10 | D69: Penerbitan Surat Tanda Nomor Kendaraaan Bermotor Lintas Batas Negara (STNK-LBN) | I69: 0 | K69: =+K70+K73 -> 0 | L69: =+L70+L73 -> 0 | N69: =+N70+N73 -> 0 | O69: =N69/K69 -> #DIV/0!
D70: a. | E70: Kendaraan Bermotor Roda 2 atau roda 3 | I70: 0 | K70: =SUM(K71:K72) -> 0 | L70: =SUM(L71:L72) -> 0 | N70: =SUM(N71:N72) -> 0 | O70: =N70/K70 -> #DIV/0!
E71: 1) | F71: Baru | I71: 0 | J71: 100000 | K71: =I71*J71 -> 0 | L71: ='[1]L. MAT 09 STNKLBN'!G16 -> 0 | M71: 100000 | N71: =L71*M71 -> 0 | O71: =N71/K71 -> #DIV/0!
E72: 2) | F72: Perpanjangan | I72: 0 | J72: 100000 | K72: =I72*J72 -> 0 | L72: ='[1]L. MAT 09 STNKLBN'!I16 -> 0 | M72: 100000 | N72: =L72*M72 -> 0 | O72: =N72/K72 -> #DIV/0!
D73: b. | E73: Kendaraan Bermotor Roda 4 atau lebih | I73: 0 | K73: =SUM(K74:K75) -> 0 | L73: =SUM(L74:L75) -> 0 | N73: =SUM(N74:N75) -> 0 | O73: =N73/K73 -> #DIV/0!
E74: 1) | F74: Baru | I74: 0 | J74: 200000 | K74: =I74*J74 -> 0 | L74: ='[1]L. MAT 09 STNKLBN'!H16 -> 0 | M74: 200000 | N74: =L74*M74 -> 0 | O74: =N74/K74 -> #DIV/0!
E75: 2) | F75: Perpanjangan | I75: 0 | J75: 200000 | K75: =I75*J75 -> 0 | L75: ='[1]L. MAT 09 STNKLBN'!J16 -> 0 | M75: 200000 | N75: =L75*M75 -> 0 | O75: =N75/K75 -> #DIV/0!
C77: 11 | D77: Penerbitan Tanda Nomor Kendaraaan Bermotor Lintas Batas Negara (TNKB-LBN) | I77: 0 | K77: =K78+K81 -> 0 | L77: =L78+L81 -> 0 | N77: =N78+N81 -> 0 | O77: =N77/K77 -> #DIV/0!
D78: a. | E78: Kendaraan Bermotor Roda 2 atau roda 3 | I78: 0 | K78: =SUM(K79:K80) -> 0 | L78: =SUM(L79:L80) -> 0 | N78: =SUM(N79:N80) -> 0 | O78: =N78/K78 -> #DIV/0!
E79: 1) | F79: Baru | I79: 0 | J79: 100000 | K79: =I79*J79 -> 0 | L79: ='[1]L. MAT 10 TNKB LBN'!G16 -> 0 | M79: 100000 | N79: =L79*M79 -> 0 | O79: =N79/K79 -> #DIV/0!
E80: 2) | F80: Perpanjangan | J80: 100000 | K80: =I80*J80 -> 0 | L80: ='[1]L. MAT 10 TNKB LBN'!I16 -> 0 | M80: 100000 | N80: =L80*M80 -> 0 | O80: =N80/K80 -> #DIV/0!
D81: b. | E81: Kendaraan Bermotor Roda 4 atau lebih | I81: 0 | K81: =SUM(K82:K83) -> 0 | L81: =SUM(L82:L83) -> 0 | N81: =SUM(N82:N83) -> 0 | O81: =N81/K81 -> #DIV/0!
E82: 1) | F82: Baru | I82: 0 | J82: 200000 | K82: =I82*J82 -> 0 | L82: ='[1]L. MAT 10 TNKB LBN'!H16 -> 0 | M82: 200000 | N82: =L82*M82 -> 0 | O82: =N82/K82 -> #DIV/0!
E83: 2) | F83: Perpanjangan | I83: 0 | J83: 200000 | K83: =I83*J83 -> 0 | L83: ='[1]L. MAT 10 TNKB LBN'!J16 -> 0 | M83: 200000 | N83: =L83*M83 -> 0 | O83: =N83/K83 -> #DIV/0!
C85: 12 | D85: Penerbitan Nomor Register Kendaraan Bermotor (NRKB) Pilihan | I85: 12000 | K85: =+K86+K89+K92+K95 -> 99500000000 | L85: =+L86+L89+L92+L95 -> 510 | N85: =+N86+N89+N92+N95 -> 4500000000 | O85: =N85/K85 -> 0.045226131
D86: a. | E86: NRKB Pilihan untuk kombinasi 1 (satu) angka | I86: 1053 | K86: =SUM(K87:K88) -> 16585000000 | L86: =SUM(L87:L88) -> 58 | N86: =SUM(N87:N88) -> 870000000 | O86: =N86/K86 -> 0.052457039
E87: 1) | F87: Tidak ada huruf dibelakang angka (blank) | I87: 158 | J87: 20000000 | K87: =I87*J87 -> 3160000000 | L87: 0 | M87: 20000000 | N87: =L87*M87 -> 0 | O87: =N87/K87 -> 0
E88: 2) | F88: Ada huruf dibelakang angka | I88: 895 | J88: 15000000 | K88: =I88*J88 -> 13425000000 | L88: 58 | M88: 15000000 | N88: =L88*M88 -> 870000000 | O88: =N88/K88 -> 0.064804469
D89: b. | E89: NRKB Pilihan untuk 2 (dua) angka | I89: 2383 | K89: =SUM(K90:K91) -> 25435000000 | L89: =SUM(L90:L91) -> 121 | N89: =SUM(N90:N91) -> 1235000000 | O89: =N89/K89 -> 0.048555141
E90: 1) | F90: Tidak ada huruf dibelakang angka (blank) | I90: 321 | J90: 15000000 | K90: =I90*J90 -> 4815000000 | L90: 5 | M90: 15000000 | N90: =L90*M90 -> 75000000 | O90: =N90/K90 -> 0.015576324
E91: 2) | F91: Ada huruf dibelakang angka | I91: 2062 | J91: 10000000 | K91: =I91*J91 -> 20620000000 | L91: 116 | M91: 10000000 | N91: =L91*M91 -> 1160000000 | O91: =N91/K91 -> 0.056256062
D92: c. | E92: NRKB Pilihan untuk 3 (tiga) angka | I92: 4609 | K92: =SUM(K93:K94) -> 35915000000 | L92: =SUM(L93:L94) -> 259 | N92: =SUM(N93:N94) -> 1977500000 | O92: =N92/K92 -> 0.05506056
E93: 1) | F93: Tidak ada huruf dibelakang angka (blank) | I93: 539 | J93: 10000000 | K93: =I93*J93 -> 5390000000 | L93: 14 | M93: 10000000 | N93: =L93*M93 -> 140000000 | O93: =N93/K93 -> 0.025974026
E94: 2) | F94: Ada huruf dibelakang angka | I94: 4070 | J94: 7500000 | K94: =I94*J94 -> 30525000000 | L94: 245 | M94: 7500000 | N94: =L94*M94 -> 1837500000 | O94: =N94/K94 -> 0.06019656
D95: d. | E95: NRKB Pilihan untuk 4 (empat) angka | I95: 3955 | K95: =SUM(K96:K97) -> 21565000000 | L95: =SUM(L96:L97) -> 72 | N95: =SUM(N96:N97) -> 417500000 | O95: =N95/K95 -> 0.019360074
E96: 1) | F96: Tidak ada huruf dibelakang angka (blank) | I96: 716 | J96: 7500000 | K96: =I96*J96 -> 5370000000 | L96: 23 | M96: 7500000 | N96: =L96*M96 -> 172500000 | O96: =N96/K96 -> 0.032122905
E97: 2) | F97: Ada huruf dibelakang angka | I97: 3239 | J97: 5000000 | K97: =I97*J97 -> 16195000000 | L97: 49 | M97: 5000000 | N97: =L97*M97 -> 245000000 | O97: =N97/K97 -> 0.015128126
C99: TOTAL TARGET | I99: =SUM(I13,I24,I35,I37,I45,I49,I53,I57,I65,I69,I77,I85) -> 19337001 | K99: =SUM(K13,K24,K35,K37,K45,K49,K53,K57,K65,K69,K77,K85) -> 2210588370000 | L99: =SUM(L13,L24,L35,L37,L45,L49,L53,L57,L65,L69,L77,L85) -> 759551 | N99: =SUM(N13,N24,N35,N37,N45,N49,N53,N57,N65,N69,N77,N85) -> 85002705000 | O99: =N99/K99 -> 0.038452525

Sheet JUNI
B6: REALISASI TARGET PNBP T.A. 2026
B7: BULAN JUNI T.A. 2026
B10: NO | C10: JENIS PENERIMAAN | I10: DATA TARGET | L10: REALISASI | O10: PROSENTASE
I11: VOLUME | J11: TARIF | K11: TARGET (Rp.) | L11: VOLUME | M11: TARIF | N11: REALISASI (Rp.)
B12: 1 | C12: 2 | I12: 3 | J12: 4 | K12: 5 | L12: 3 | M12: 4 | N12: 5 | O12: 6
C13: 1 | D13: Pengujian untuk penerbitan Surat Izin Mengemudi (SIM) baru | I13: 1002980 | K13: =SUM(K14:K22) -> 106956030000 | L13: =SUM(L14:L22) -> 40913 | N13: =SUM(N14:N22) -> 4402220000 | O13: =N13/K13 -> 0.041159157
D14: a. | E14: Penerbitan SIM A | I14: 294130 | J14: 120000 | K14: =I14*J14 -> 35295600000 | L14: 13575 | M14: 120000 | N14: =L14*M14 -> 1629000000 | O14: =N14/K14 -> 0.046153062
D15: b. | E15: Penerbitan SIM B I | I15: 30304 | J15: 120000 | K15: =I15*J15 -> 3636480000 | L15: 1505 | M15: 120000 | N15: =L15*M15 -> 180600000 | O15: =N15/K15 -> 0.049663411
D16: c. | E16: Penerbitan SIM B II | I16: 13370 | J16: 120000 | K16: =I16*J16 -> 1604400000 | L16: 491 | M16: 120000 | N16: =L16*M16 -> 58920000 | O16: =N16/K16 -> 0.036724009
D17: d. | E17: Penerbitan SIM C | I17: 662649 | J17: 100000 | K17: =I17*J17 -> 66264900000 | L17: 25327 | M17: 100000 | N17: =L17*M17 -> 2532700000 | O17: =N17/K17 -> 0.038220838
D18: e. | E18: Penerbitan SIM C I | I18: 299 | J18: 100000 | K18: =I18*J18 -> 29900000 | L18: 5 | M18: 100000 | N18: =L18*M18 -> 500000 | O18: =N18/K18 -> 0.016722408
D19: f. | E19: Penerbitan SIM C II | I19: 267 | J19: 100000 | K19: =I19*J19 -> 26700000 | L19: 0 | M19: 100000 | N19: =L19*M19 -> 0 | O19: =N19/K19 -> 0
D20: g. | E20: Penerbitan SIM D | I20: 1925 | J20: 50000 | K20: =I20*J20 -> 96250000 | L20: 9 | M20: 50000 | N20: =L20*M20 -> 450000 | O20: =N20/K20 -> 0.0046753247
D21: h. | E21: Penerbitan SIM D I | I21: 36 | J21: 50000 | K21: =I21*J21 -> 1800000 | L21: 1 | M21: 50000 | N21: =L21*M21 -> 50000 | O21: =N21/K21 -> 0.027777778
D22: i. | E22: Pembuatan SIM International | I22: 0 | J22: 250000 | K22: =I22*J22 -> 0 | L22: 0 | M22: 250000 | N22: =L22*M22 -> 0 | O22: =N22/K22 -> #DIV/0!
C24: 2 | D24: Penerbitan Perpanjangan Surat Izin Mengemudi (SIM) | I24: 1997021 | K24: =SUM(K25:K33) -> 153240870000 | L24: =SUM(L25:L33) -> 140080 | N24: =SUM(N25:N33) -> 10739465000 | O24: =N24/K24 -> 0.07008225
D25: a. | E25: Penerbitan SIM A | I25: 596792 | J25: 80000 | K25: =I25*J25 -> 47743360000 | L25: 41758 | M25: 80000 | N25: =L25*M25 -> 3340640000 | O25: =N25/K25 -> 0.069970777
D26: b. | E26: Penerbitan SIM B I | I26: 63576 | J26: 80000 | K26: =I26*J26 -> 5086080000 | L26: 3147 | M26: 80000 | N26: =L26*M26 -> 251760000 | O26: =N26/K26 -> 0.049499811
D27: c. | E27: Penerbitan SIM B II | I27: 35983 | J27: 80000 | K27: =I27*J27 -> 2878640000 | L27: 1986 | M27: 80000 | N27: =L27*M27 -> 158880000 | O27: =N27/K27 -> 0.05519273
D28: d. | E28: Penerbitan SIM C | I28: 1296381 | J28: 75000 | K28: =I28*J28 -> 97228575000 | L28: 93165 | M28: 75000 | N28: =L28*M28 -> 6987375000 | O28: =N28/K28 -> 0.071865447
D29: e. | E29: Penerbitan SIM C I | I29: 3815 | J29: 75000 | K29: =I29*J29 -> 286125000 | L29: 0 | M29: 75000 | N29: =L29*M29 -> 0 | O29: =N29/K29 -> 0
D30: f. | E30: Penerbitan SIM C II | I30: 86 | J30: 75000 | K30: =I30*J30 -> 6450000 | L30: 2 | M30: 75000 | N30: =L30*M30 -> 150000 | O30: =N30/K30 -> 0.023255814
D31: g. | E31: Penerbitan SIM D | I31: 360 | J31: 30000 | K31: =I31*J31 -> 10800000 | L31: 22 | M31: 30000 | N31: =L31*M31 -> 660000 | O31: =N31/K31 -> 0.061111111
D32: h. | E32: Penerbitan SIM D I | I32: 28 | J32: 30000 | K32: =I32*J32 -> 840000 | L32: 0 | M32: 30000 | N32: =L32*M32 -> 0 | O32: =N32/K32 -> 0
D33: i. | E33: Penerbitan SIM Internasional | I33: 0 | J33: 225000 | K33: =I33*J33 -> 0 | L33: 0 | M33: 225000 | N33: =L33*M33 -> 0
C35: 3 | D35: Penerbitan Surat Keterangan Uji Keterampilan Pengemudi (SKUKP) | I35: 100000 | J35: 50000 | K35: =I35*J35 -> 5000000000 | L35: 7337 | M35: 50000 | N35: =L35*M35 -> 366850000 | O35: =N35/K35 -> 0.07337
C37: 4 | D37: Penerbitan Surat Tanda Nomor Kendaraan Bermotor (STNK) | I37: 6000000 | K37: =+K38+K41 -> 727309900000 | L37: =L38+L41 -> 271321 | N37: =+N38+N41 -> 32009900000 | O37: =N37/K37 -> 0.044011363
D38: a. | E38: Kendaraan Bermotor roda 2 atau roda 3 | I38: 4726901 | K38: =SUM(K39:K40) -> 472690100000 | L38: =SUM(L39:L40) -> 222543 | N38: =SUM(N39:N40) -> 22254300000 | O38: =N38/K38 -> 0.047080106
E39: 1) | F39: Baru | I39: 2267860 | J39: 100000 | K39: =I39*J39 -> 226786000000 | L39: 54025 | M39: 100000 | N39: =L39*M39 -> 5402500000 | O39: =N39/K39 -> 0.023822017
E40: 2) | F40: Perpanjangan | I40: 2459041 | J40: 100000 | K40: =I40*J40 -> 245904100000 | L40: 168518 | M40: 100000 | N40: =L40*M40 -> 16851800000 | O40: =N40/K40 -> 0.068529968
D41: b. | E41: Kendaraan bermotor roda 4 atau lebih | I41: 1273099 | K41: =SUM(K42:K43) -> 254619800000 | L41: =SUM(L42:L43) -> 48778 | N41: =SUM(N42:N43) -> 9755600000 | O41: =N41/K41 -> 0.038314381
E42: 1) | F42: Baru | I42: 626781 | J42: 200000 | K42: =I42*J42 -> 125356200000 | L42: 6333 | M42: 200000 | N42: =L42*M42 -> 1266600000 | O42: =N42/K42 -> 0.010104008
E43: 2) | F43: Perpanjangan | I43: 646318 | J43: 200000 | K43: =I43*J43 -> 129263600000 | L43: 42445 | M43: 200000 | N43: =L43*M43 -> 8489000000 | O43: =N43/K43 -> 0.065672007
C45: 5 | D45: Penerbitan Tanda Nomor Kendaraan Bermotor (TNKB) | I45: 6000000 | K45: =SUM(K46,K47) -> 411586320000 | L45: =SUM(L46:L47) -> 265695 | N45: =SUM(N46,N47) -> 17866420000 | O45: =N45/K45 -> 0.043408683
D46: a. | E46: Kendaraan Bermotor Roda 2 atau 3 | I46: 4710342 | J46: 60000 | K46: =I46*J46 -> 282620520000 | L46: 217577 | M46: 60000 | N46: =L46*M46 -> 13054620000 | O46: =N46/K46 -> 0.046191338
D47: b. | E47: Kendaraan Bermotor Roda 4 atau lebih | I47: 1289658 | J47: 100000 | K47: =I47*J47 -> 128965800000 | L47: 48118 | M47: 100000 | N47: =L47*M47 -> 4811800000 | O47: =N47/K47 -> 0.037310667
C49: 6 | D49: Penerbitan Surat Tanda Coba Kendaraan Bermotor (STCK) | I49: 1500000 | K49: =SUM(K50:K51) -> 43861750000 | L49: =SUM(L50:L51) -> 60902 | N49: =SUM(N50:N51) -> 1697725000 | O49: =N49/K49 -> 0.038706276
D50: a. | E50: Kendaraan Bermotor Roda 2 atau 3 | I50: 1245530 | J50: 25000 | K50: =I50*J50 -> 31138250000 | L50: 53895 | M50: 25000 | N50: =L50*M50 -> 1347375000 | O50: =N50/K50 -> 0.043270736
D51: b. | E51: Kendaraan Bermotor Roda 4 atau lebih | I51: 254470 | J51: 50000 | K51: =I51*J51 -> 12723500000 | L51: 7007 | M51: 50000 | N51: =L51*M51 -> 350350000 | O51: =N51/K51 -> 0.027535662
C53: 7 | D53: Penerbitan Tanda Coba Kendaraan Bermotor (TCKB) | I53: 75000 | K53: =SUM(K54:K55) -> 5024800000 | L53: =SUM(L54:L55) -> 4904 | N53: =SUM(N54:N55) -> 344080000 | O53: =N53/K53 -> 0.068476357
D54: a. | E54: Kendaraan Bermotor Roda 2 atau 3 | I54: 61880 | J54: 60000 | K54: =I54*J54 -> 3712800000 | L54: 3658 | M54: 60000 | N54: =L54*M54 -> 219480000 | O54: =N54/K54 -> 0.059114415
D55: b. | E55: Kendaraan Bermotor Roda 4 atau lebih | I55: 13120 | J55: 100000 | K55: =I55*J55 -> 1312000000 | L55: 1246 | M55: 100000 | N55: =L55*M55 -> 124600000 | O55: =N55/K55 -> 0.094969512
C57: 8 | D57: Penerbitan Buku Pemilik Kendaraan Bermotor (BPKB) | I57: 2400000 | K57: =+K58+K61 -> 607771500000 | L57: =+L58+L61 -> 99876 | N57: =+N58+N61 -> 25302150000 | O57: =N57/K57 -> 0.041631024
D58: a. | E58: Kendaraan Bermotor roda 2 atau roda 3 | I58: 1948190 | K58: =K59+K60 -> 438342750000 | L58: =L59+L60 -> 81009 | N58: =N59+N60 -> 18227025000 | O58: =N58/K58 -> 0.041581673
E59: 1) | F59: Baru | I59: 1619192 | J59: 225000 | K59: =I59*J59 -> 364318200000 | L59: 53943 | M59: 225000 | N59: =L59*M59 -> 12137175000 | O59: =N59/K59 -> 0.033314764
E60: 2) | F60: Ganti Kepemilikan | I60: 328998 | J60: 225000 | K60: =I60*J60 -> 74024550000 | L60: 27066 | M60: 225000 | N60: =L60*M60 -> 6089850000 | O60: =N60/K60 -> 0.082267977
D61: b. | E61: Kendaraan Bermotor Roda 4 atau lebih | I61: 451810 | K61: =K62+K63 -> 169428750000 | L61: =L62+L63 -> 18867 | N61: =N62+N63 -> 7075125000 | O61: =N61/K61 -> 0.041758704
E62: 1) | F62: Baru | I62: 319858 | J62: 375000 | K62: =I62*J62 -> 119946750000 | L62: 6433 | M62: 375000 | N62: =L62*M62 -> 2412375000 | O62: =N62/K62 -> 0.02011205
E63: 2) | F63: Ganti Kepemilikan | I63: 131952 | J63: 375000 | K63: =I63*J63 -> 49482000000 | L63: 12434 | M63: 375000 | N63: =L63*M63 -> 4662750000 | O63: =N63/K63 -> 0.094231236
C65: 9 | D65: Penerbitan Surat Mutasi Kendaraan Ke Luar Daerah | I65: 250000 | K65: =SUM(K66:K67) -> 50337200000 | L65: =SUM(L66:L67) -> 13714 | N65: =SUM(N66:N67) -> 2735300000 | O65: =N65/K65 -> 0.054339534
D66: a. | E66: Kendaraan Bermotor Roda 2 atau roda 3 | I66: 121628 | J66: 150000 | K66: =I66*J66 -> 18244200000 | L66: 6932 | M66: 150000 | N66: =L66*M66 -> 1039800000 | O66: =N66/K66 -> 0.056993455
D67: b. | E67: Kendaraan Bermotor Roda 4 atau lebih | I67: 128372 | J67: 250000 | K67: =I67*J67 -> 32093000000 | L67: 6782 | M67: 250000 | N67: =L67*M67 -> 1695500000 | O67: =N67/K67 -> 0.052830835
C69: 10 | D69: Penerbitan Surat Tanda Nomor Kendaraaan Bermotor Lintas Batas Negara (STNK-LBN) | I69: 0 | K69: =+K70+K73 -> 0 | L69: =+L70+L73 -> 0 | N69: =+N70+N73 -> 0 | O69: =N69/K69 -> #DIV/0!
D70: a. | E70: Kendaraan Bermotor Roda 2 atau roda 3 | I70: 0 | K70: =SUM(K71:K72) -> 0 | L70: =SUM(L71:L72) -> 0 | N70: =SUM(N71:N72) -> 0 | O70: =N70/K70 -> #DIV/0!
E71: 1) | F71: Baru | I71: 0 | J71: 100000 | K71: =I71*J71 -> 0 | L71: ='[1]L. MAT 09 STNKLBN'!G16 -> 0 | M71: 100000 | N71: =L71*M71 -> 0 | O71: =N71/K71 -> #DIV/0!
E72: 2) | F72: Perpanjangan | I72: 0 | J72: 100000 | K72: =I72*J72 -> 0 | L72: ='[1]L. MAT 09 STNKLBN'!I16 -> 0 | M72: 100000 | N72: =L72*M72 -> 0 | O72: =N72/K72 -> #DIV/0!
D73: b. | E73: Kendaraan Bermotor Roda 4 atau lebih | I73: 0 | K73: =SUM(K74:K75) -> 0 | L73: =SUM(L74:L75) -> 0 | N73: =SUM(N74:N75) -> 0 | O73: =N73/K73 -> #DIV/0!
E74: 1) | F74: Baru | I74: 0 | J74: 200000 | K74: =I74*J74 -> 0 | L74: ='[1]L. MAT 09 STNKLBN'!H16 -> 0 | M74: 200000 | N74: =L74*M74 -> 0 | O74: =N74/K74 -> #DIV/0!
E75: 2) | F75: Perpanjangan | I75: 0 | J75: 200000 | K75: =I75*J75 -> 0 | L75: ='[1]L. MAT 09 STNKLBN'!J16 -> 0 | M75: 200000 | N75: =L75*M75 -> 0 | O75: =N75/K75 -> #DIV/0!
C77: 11 | D77: Penerbitan Tanda Nomor Kendaraaan Bermotor Lintas Batas Negara (TNKB-LBN) | I77: 0 | K77: =K78+K81 -> 0 | L77: =L78+L81 -> 0 | N77: =N78+N81 -> 0 | O77: =N77/K77 -> #DIV/0!
D78: a. | E78: Kendaraan Bermotor Roda 2 atau roda 3 | I78: 0 | K78: =SUM(K79:K80) -> 0 | L78: =SUM(L79:L80) -> 0 | N78: =SUM(N79:N80) -> 0 | O78: =N78/K78 -> #DIV/0!
E79: 1) | F79: Baru | I79: 0 | J79: 100000 | K79: =I79*J79 -> 0 | L79: ='[1]L. MAT 10 TNKB LBN'!G16 -> 0 | M79: 100000 | N79: =L79*M79 -> 0 | O79: =N79/K79 -> #DIV/0!
E80: 2) | F80: Perpanjangan | J80: 100000 | K80: =I80*J80 -> 0 | L80: ='[1]L. MAT 10 TNKB LBN'!I16 -> 0 | M80: 100000 | N80: =L80*M80 -> 0 | O80: =N80/K80 -> #DIV/0!
D81: b. | E81: Kendaraan Bermotor Roda 4 atau lebih | I81: 0 | K81: =SUM(K82:K83) -> 0 | L81: =SUM(L82:L83) -> 0 | N81: =SUM(N82:N83) -> 0 | O81: =N81/K81 -> #DIV/0!
E82: 1) | F82: Baru | I82: 0 | J82: 200000 | K82: =I82*J82 -> 0 | L82: ='[1]L. MAT 10 TNKB LBN'!H16 -> 0 | M82: 200000 | N82: =L82*M82 -> 0 | O82: =N82/K82 -> #DIV/0!
E83: 2) | F83: Perpanjangan | I83: 0 | J83: 200000 | K83: =I83*J83 -> 0 | L83: ='[1]L. MAT 10 TNKB LBN'!J16 -> 0 | M83: 200000 | N83: =L83*M83 -> 0 | O83: =N83/K83 -> #DIV/0!
C85: 12 | D85: Penerbitan Nomor Register Kendaraan Bermotor (NRKB) Pilihan | I85: 12000 | K85: =+K86+K89+K92+K95 -> 99500000000 | L85: =+L86+L89+L92+L95 -> 593 | N85: =+N86+N89+N92+N95 -> 5320000000 | O85: =N85/K85 -> 0.053467337
D86: a. | E86: NRKB Pilihan untuk kombinasi 1 (satu) angka | I86: 1053 | K86: =SUM(K87:K88) -> 16585000000 | L86: =SUM(L87:L88) -> 81 | N86: =SUM(N87:N88) -> 1220000000 | O86: =N86/K86 -> 0.073560446
E87: 1) | F87: Tidak ada huruf dibelakang angka (blank) | I87: 158 | J87: 20000000 | K87: =I87*J87 -> 3160000000 | L87: 1 | M87: 20000000 | N87: =L87*M87 -> 20000000 | O87: =N87/K87 -> 0.0063291139
E88: 2) | F88: Ada huruf dibelakang angka | I88: 895 | J88: 15000000 | K88: =I88*J88 -> 13425000000 | L88: 80 | M88: 15000000 | N88: =L88*M88 -> 1200000000 | O88: =N88/K88 -> 0.089385475
D89: b. | E89: NRKB Pilihan untuk 2 (dua) angka | I89: 2383 | K89: =SUM(K90:K91) -> 25435000000 | L89: =SUM(L90:L91) -> 147 | N89: =SUM(N90:N91) -> 1475000000 | O89: =N89/K89 -> 0.057990957
E90: 1) | F90: Tidak ada huruf dibelakang angka (blank) | I90: 321 | J90: 15000000 | K90: =I90*J90 -> 4815000000 | L90: 1 | M90: 15000000 | N90: =L90*M90 -> 15000000 | O90: =N90/K90 -> 0.0031152648
E91: 2) | F91: Ada huruf dibelakang angka | I91: 2062 | J91: 10000000 | K91: =I91*J91 -> 20620000000 | L91: 146 | M91: 10000000 | N91: =L91*M91 -> 1460000000 | O91: =N91/K91 -> 0.070805044
D92: c. | E92: NRKB Pilihan untuk 3 (tiga) angka | I92: 4609 | K92: =SUM(K93:K94) -> 35915000000 | L92: =SUM(L93:L94) -> 273 | N92: =SUM(N93:N94) -> 2072500000 | O92: =N92/K92 -> 0.057705694
E93: 1) | F93: Tidak ada huruf dibelakang angka (blank) | I93: 539 | J93: 10000000 | K93: =I93*J93 -> 5390000000 | L93: 10 | M93: 10000000 | N93: =L93*M93 -> 100000000 | O93: =N93/K93 -> 0.018552876
E94: 2) | F94: Ada huruf dibelakang angka | I94: 4070 | J94: 7500000 | K94: =I94*J94 -> 30525000000 | L94: 263 | M94: 7500000 | N94: =L94*M94 -> 1972500000 | O94: =N94/K94 -> 0.064619165
D95: d. | E95: NRKB Pilihan untuk 4 (empat) angka | I95: 3955 | K95: =SUM(K96:K97) -> 21565000000 | L95: =SUM(L96:L97) -> 92 | N95: =SUM(N96:N97) -> 552500000 | O95: =N95/K95 -> 0.025620218
E96: 1) | F96: Tidak ada huruf dibelakang angka (blank) | I96: 716 | J96: 7500000 | K96: =I96*J96 -> 5370000000 | L96: 37 | M96: 7500000 | N96: =L96*M96 -> 277500000 | O96: =N96/K96 -> 0.051675978
E97: 2) | F97: Ada huruf dibelakang angka | I97: 3239 | J97: 5000000 | K97: =I97*J97 -> 16195000000 | L97: 55 | M97: 5000000 | N97: =L97*M97 -> 275000000 | O97: =N97/K97 -> 0.01698055
C99: TOTAL TARGET | I99: =SUM(I13,I24,I35,I37,I45,I49,I53,I57,I65,I69,I77,I85) -> 19337001 | K99: =SUM(K13,K24,K35,K37,K45,K49,K53,K57,K65,K69,K77,K85) -> 2210588370000 | L99: =SUM(L13,L24,L35,L37,L45,L49,L53,L57,L65,L69,L77,L85) -> 905335 | N99: =SUM(N13,N24,N35,N37,N45,N49,N53,N57,N65,N69,N77,N85) -> 100784110000 | O99: =N99/K99 -> 0.045591532

Sheet JULI
B6: REALISASI TARGET PNBP T.A. 2026
B7: BULAN JULI T.A. 2026
B10: NO | C10: JENIS PENERIMAAN | I10: DATA TARGET | L10: REALISASI | O10: PROSENTASE
I11: VOLUME | J11: TARIF | K11: TARGET (Rp.) | L11: VOLUME | M11: TARIF | N11: REALISASI (Rp.)
B12: 1 | C12: 2 | I12: 3 | J12: 4 | K12: 5 | L12: 3 | M12: 4 | N12: 5 | O12: 6
C13: 1 | D13: Pengujian untuk penerbitan Surat Izin Mengemudi (SIM) baru | I13: 1002980 | K13: =SUM(K14:K22) -> 106956030000 | L13: =SUM(L14:L22) -> 45662 | N13: =SUM(N14:N22) -> 4888410000 | O13: =N13/K13 -> 0.045704856
D14: a. | E14: Penerbitan SIM A | I14: 294130 | J14: 120000 | K14: =I14*J14 -> 35295600000 | L14: 14055 | M14: 120000 | N14: =L14*M14 -> 1686600000 | O14: =N14/K14 -> 0.047784993
D15: b. | E15: Penerbitan SIM B I | I15: 30304 | J15: 120000 | K15: =I15*J15 -> 3636480000 | L15: 1516 | M15: 120000 | N15: =L15*M15 -> 181920000 | O15: =N15/K15 -> 0.050026399
D16: c. | E16: Penerbitan SIM B II | I16: 13370 | J16: 120000 | K16: =I16*J16 -> 1604400000 | L16: 552 | M16: 120000 | N16: =L16*M16 -> 66240000 | O16: =N16/K16 -> 0.041286462
D17: d. | E17: Penerbitan SIM C | I17: 662649 | J17: 100000 | K17: =I17*J17 -> 66264900000 | L17: 29527 | M17: 100000 | N17: =L17*M17 -> 2952700000 | O17: =N17/K17 -> 0.044559035
D18: e. | E18: Penerbitan SIM C I | I18: 299 | J18: 100000 | K18: =I18*J18 -> 29900000 | L18: 7 | M18: 100000 | N18: =L18*M18 -> 700000 | O18: =N18/K18 -> 0.023411371
D19: f. | E19: Penerbitan SIM C II | I19: 267 | J19: 100000 | K19: =I19*J19 -> 26700000 | L19: 0 | M19: 100000 | N19: =L19*M19 -> 0 | O19: =N19/K19 -> 0
D20: g. | E20: Penerbitan SIM D | I20: 1925 | J20: 50000 | K20: =I20*J20 -> 96250000 | L20: 5 | M20: 50000 | N20: =L20*M20 -> 250000 | O20: =N20/K20 -> 0.0025974026
D21: h. | E21: Penerbitan SIM D I | I21: 36 | J21: 50000 | K21: =I21*J21 -> 1800000 | L21: 0 | M21: 50000 | N21: =L21*M21 -> 0 | O21: =N21/K21 -> 0
D22: i. | E22: Pembuatan SIM International | I22: 0 | J22: 250000 | K22: =I22*J22 -> 0 | L22: 0 | M22: 250000 | N22: =L22*M22 -> 0 | O22: =N22/K22 -> #DIV/0!
C24: 2 | D24: Penerbitan Perpanjangan Surat Izin Mengemudi (SIM) | I24: 1997021 | K24: =SUM(K25:K33) -> 153240870000 | L24: =SUM(L25:L33) -> 113312 | N24: =SUM(N25:N33) -> 8686150000 | O24: =N24/K24 -> 0.056682985
D25: a. | E25: Penerbitan SIM A | I25: 596792 | J25: 80000 | K25: =I25*J25 -> 47743360000 | L25: 33650 | M25: 80000 | N25: =L25*M25 -> 2692000000 | O25: =N25/K25 -> 0.056384804
D26: b. | E26: Penerbitan SIM B I | I26: 63576 | J26: 80000 | K26: =I26*J26 -> 5086080000 | L26: 2448 | M26: 80000 | N26: =L26*M26 -> 195840000 | O26: =N26/K26 -> 0.038505096
D27: c. | E27: Penerbitan SIM B II | I27: 35983 | J27: 80000 | K27: =I27*J27 -> 2878640000 | L27: 1560 | M27: 80000 | N27: =L27*M27 -> 124800000 | O27: =N27/K27 -> 0.043353806
D28: d. | E28: Penerbitan SIM C | I28: 1296381 | J28: 75000 | K28: =I28*J28 -> 97228575000 | L28: 75642 | M28: 75000 | N28: =L28*M28 -> 5673150000 | O28: =N28/K28 -> 0.058348587
D29: e. | E29: Penerbitan SIM C I | I29: 3815 | J29: 75000 | K29: =I29*J29 -> 286125000 | L29: 0 | M29: 75000 | N29: =L29*M29 -> 0 | O29: =N29/K29 -> 0
D30: f. | E30: Penerbitan SIM C II | I30: 86 | J30: 75000 | K30: =I30*J30 -> 6450000 | L30: 0 | M30: 75000 | N30: =L30*M30 -> 0 | O30: =N30/K30 -> 0
D31: g. | E31: Penerbitan SIM D | I31: 360 | J31: 30000 | K31: =I31*J31 -> 10800000 | L31: 12 | M31: 30000 | N31: =L31*M31 -> 360000 | O31: =N31/K31 -> 0.033333333
D32: h. | E32: Penerbitan SIM D I | I32: 28 | J32: 30000 | K32: =I32*J32 -> 840000 | L32: 0 | M32: 30000 | N32: =L32*M32 -> 0 | O32: =N32/K32 -> 0
D33: i. | E33: Penerbitan SIM Internasional | I33: 0 | J33: 225000 | K33: =I33*J33 -> 0 | L33: 0 | M33: 225000 | N33: =L33*M33 -> 0
C35: 3 | D35: Penerbitan Surat Keterangan Uji Keterampilan Pengemudi (SKUKP) | I35: 100000 | J35: 50000 | K35: =I35*J35 -> 5000000000 | L35: 6810 | M35: 50000 | N35: =L35*M35 -> 340500000 | O35: =N35/K35 -> 0.0681
C37: 4 | D37: Penerbitan Surat Tanda Nomor Kendaraan Bermotor (STNK) | I37: 6000000 | K37: =+K38+K41 -> 727309900000 | L37: =L38+L41 -> 254870 | N37: =+N38+N41 -> 29720400000 | O37: =N37/K37 -> 0.040863461
D38: a. | E38: Kendaraan Bermotor roda 2 atau roda 3 | I38: 4726901 | K38: =SUM(K39:K40) -> 472690100000 | L38: =SUM(L39:L40) -> 212536 | N38: =SUM(N39:N40) -> 21253600000 | O38: =N38/K38 -> 0.044963074
E39: 1) | F39: Baru | I39: 2267860 | J39: 100000 | K39: =I39*J39 -> 226786000000 | L39: 56885 | M39: 100000 | N39: =L39*M39 -> 5688500000 | O39: =N39/K39 -> 0.025083118
E40: 2) | F40: Perpanjangan | I40: 2459041 | J40: 100000 | K40: =I40*J40 -> 245904100000 | L40: 155651 | M40: 100000 | N40: =L40*M40 -> 15565100000 | O40: =N40/K40 -> 0.06329744
D41: b. | E41: Kendaraan bermotor roda 4 atau lebih | I41: 1273099 | K41: =SUM(K42:K43) -> 254619800000 | L41: =SUM(L42:L43) -> 42334 | N41: =SUM(N42:N43) -> 8466800000 | O41: =N41/K41 -> 0.033252716
E42: 1) | F42: Baru | I42: 626781 | J42: 200000 | K42: =I42*J42 -> 125356200000 | L42: 6330 | M42: 200000 | N42: =L42*M42 -> 1266000000 | O42: =N42/K42 -> 0.010099221
E43: 2) | F43: Perpanjangan | I43: 646318 | J43: 200000 | K43: =I43*J43 -> 129263600000 | L43: 36004 | M43: 200000 | N43: =L43*M43 -> 7200800000 | O43: =N43/K43 -> 0.055706324
C45: 5 | D45: Penerbitan Tanda Nomor Kendaraan Bermotor (TNKB) | I45: 6000000 | K45: =SUM(K46,K47) -> 411586320000 | L45: =SUM(L46:L47) -> 248328 | N45: =SUM(N46,N47) -> 16565760000 | O45: =N45/K45 -> 0.040248568
D46: a. | E46: Kendaraan Bermotor Roda 2 atau 3 | I46: 4710342 | J46: 60000 | K46: =I46*J46 -> 282620520000 | L46: 206676 | M46: 60000 | N46: =L46*M46 -> 12400560000 | O46: =N46/K46 -> 0.043877069
D47: b. | E47: Kendaraan Bermotor Roda 4 atau lebih | I47: 1289658 | J47: 100000 | K47: =I47*J47 -> 128965800000 | L47: 41652 | M47: 100000 | N47: =L47*M47 -> 4165200000 | O47: =N47/K47 -> 0.032296935
C49: 6 | D49: Penerbitan Surat Tanda Coba Kendaraan Bermotor (STCK) | I49: 1500000 | K49: =SUM(K50:K51) -> 43861750000 | L49: =SUM(L50:L51) -> 63495 | N49: =SUM(N50:N51) -> 1749475000 | O49: =N49/K49 -> 0.039886119
D50: a. | E50: Kendaraan Bermotor Roda 2 atau 3 | I50: 1245530 | J50: 25000 | K50: =I50*J50 -> 31138250000 | L50: 57011 | M50: 25000 | N50: =L50*M50 -> 1425275000 | O50: =N50/K50 -> 0.045772482
D51: b. | E51: Kendaraan Bermotor Roda 4 atau lebih | I51: 254470 | J51: 50000 | K51: =I51*J51 -> 12723500000 | L51: 6484 | M51: 50000 | N51: =L51*M51 -> 324200000 | O51: =N51/K51 -> 0.02548041
C53: 7 | D53: Penerbitan Tanda Coba Kendaraan Bermotor (TCKB) | I53: 75000 | K53: =SUM(K54:K55) -> 5024800000 | L53: =SUM(L54:L55) -> 5243 | N53: =SUM(N54:N55) -> 364540000 | O53: =N53/K53 -> 0.072548161
D54: a. | E54: Kendaraan Bermotor Roda 2 atau 3 | I54: 61880 | J54: 60000 | K54: =I54*J54 -> 3712800000 | L54: 3994 | M54: 60000 | N54: =L54*M54 -> 239640000 | O54: =N54/K54 -> 0.064544279
D55: b. | E55: Kendaraan Bermotor Roda 4 atau lebih | I55: 13120 | J55: 100000 | K55: =I55*J55 -> 1312000000 | L55: 1249 | M55: 100000 | N55: =L55*M55 -> 124900000 | O55: =N55/K55 -> 0.095198171
C57: 8 | D57: Penerbitan Buku Pemilik Kendaraan Bermotor (BPKB) | I57: 2400000 | K57: =+K58+K61 -> 607771500000 | L57: =+L58+L61 -> 101452 | N57: =+N58+N61 -> 25580100000 | O57: =N57/K57 -> 0.042088351
D58: a. | E58: Kendaraan Bermotor roda 2 atau roda 3 | I58: 1948190 | K58: =K59+K60 -> 438342750000 | L58: =L59+L60 -> 83096 | N58: =N59+N60 -> 18696600000 | O58: =N58/K58 -> 0.042652924
E59: 1) | F59: Baru | I59: 1619192 | J59: 225000 | K59: =I59*J59 -> 364318200000 | L59: 56971 | M59: 225000 | N59: =L59*M59 -> 12818475000 | O59: =N59/K59 -> 0.035184833
E60: 2) | F60: Ganti Kepemilikan | I60: 328998 | J60: 225000 | K60: =I60*J60 -> 74024550000 | L60: 26125 | M60: 225000 | N60: =L60*M60 -> 5878125000 | O60: =N60/K60 -> 0.079407778
D61: b. | E61: Kendaraan Bermotor Roda 4 atau lebih | I61: 451810 | K61: =K62+K63 -> 169428750000 | L61: =L62+L63 -> 18356 | N61: =N62+N63 -> 6883500000 | O61: =N61/K61 -> 0.040627697
E62: 1) | F62: Baru | I62: 319858 | J62: 375000 | K62: =I62*J62 -> 119946750000 | L62: 6204 | M62: 375000 | N62: =L62*M62 -> 2326500000 | O62: =N62/K62 -> 0.019396107
E63: 2) | F63: Ganti Kepemilikan | I63: 131952 | J63: 375000 | K63: =I63*J63 -> 49482000000 | L63: 12152 | M63: 375000 | N63: =L63*M63 -> 4557000000 | O63: =N63/K63 -> 0.092094095
C65: 9 | D65: Penerbitan Surat Mutasi Kendaraan Ke Luar Daerah | I65: 250000 | K65: =SUM(K66:K67) -> 50337200000 | L65: =SUM(L66:L67) -> 13882 | N65: =SUM(N66:N67) -> 2770200000 | O65: =N65/K65 -> 0.055032858
D66: a. | E66: Kendaraan Bermotor Roda 2 atau roda 3 | I66: 121628 | J66: 150000 | K66: =I66*J66 -> 18244200000 | L66: 7003 | M66: 150000 | N66: =L66*M66 -> 1050450000 | O66: =N66/K66 -> 0.057577203
D67: b. | E67: Kendaraan Bermotor Roda 4 atau lebih | I67: 128372 | J67: 250000 | K67: =I67*J67 -> 32093000000 | L67: 6879 | M67: 250000 | N67: =L67*M67 -> 1719750000 | O67: =N67/K67 -> 0.053586452
C69: 10 | D69: Penerbitan Surat Tanda Nomor Kendaraaan Bermotor Lintas Batas Negara (STNK-LBN) | I69: 0 | K69: =+K70+K73 -> 0 | L69: =+L70+L73 -> 0 | N69: =+N70+N73 -> 0 | O69: =N69/K69 -> #DIV/0!
D70: a. | E70: Kendaraan Bermotor Roda 2 atau roda 3 | I70: 0 | K70: =SUM(K71:K72) -> 0 | L70: =SUM(L71:L72) -> 0 | N70: =SUM(N71:N72) -> 0 | O70: =N70/K70 -> #DIV/0!
E71: 1) | F71: Baru | I71: 0 | J71: 100000 | K71: =I71*J71 -> 0 | L71: ='[1]L. MAT 09 STNKLBN'!G16 -> 0 | M71: 100000 | N71: =L71*M71 -> 0 | O71: =N71/K71 -> #DIV/0!
E72: 2) | F72: Perpanjangan | I72: 0 | J72: 100000 | K72: =I72*J72 -> 0 | L72: ='[1]L. MAT 09 STNKLBN'!I16 -> 0 | M72: 100000 | N72: =L72*M72 -> 0 | O72: =N72/K72 -> #DIV/0!
D73: b. | E73: Kendaraan Bermotor Roda 4 atau lebih | I73: 0 | K73: =SUM(K74:K75) -> 0 | L73: =SUM(L74:L75) -> 0 | N73: =SUM(N74:N75) -> 0 | O73: =N73/K73 -> #DIV/0!
E74: 1) | F74: Baru | I74: 0 | J74: 200000 | K74: =I74*J74 -> 0 | L74: ='[1]L. MAT 09 STNKLBN'!H16 -> 0 | M74: 200000 | N74: =L74*M74 -> 0 | O74: =N74/K74 -> #DIV/0!
E75: 2) | F75: Perpanjangan | I75: 0 | J75: 200000 | K75: =I75*J75 -> 0 | L75: ='[1]L. MAT 09 STNKLBN'!J16 -> 0 | M75: 200000 | N75: =L75*M75 -> 0 | O75: =N75/K75 -> #DIV/0!
C77: 11 | D77: Penerbitan Tanda Nomor Kendaraaan Bermotor Lintas Batas Negara (TNKB-LBN) | I77: 0 | K77: =K78+K81 -> 0 | L77: =L78+L81 -> 0 | N77: =N78+N81 -> 0 | O77: =N77/K77 -> #DIV/0!
D78: a. | E78: Kendaraan Bermotor Roda 2 atau roda 3 | I78: 0 | K78: =SUM(K79:K80) -> 0 | L78: =SUM(L79:L80) -> 0 | N78: =SUM(N79:N80) -> 0 | O78: =N78/K78 -> #DIV/0!
E79: 1) | F79: Baru | I79: 0 | J79: 100000 | K79: =I79*J79 -> 0 | L79: ='[1]L. MAT 10 TNKB LBN'!G16 -> 0 | M79: 100000 | N79: =L79*M79 -> 0 | O79: =N79/K79 -> #DIV/0!
E80: 2) | F80: Perpanjangan | J80: 100000 | K80: =I80*J80 -> 0 | L80: ='[1]L. MAT 10 TNKB LBN'!I16 -> 0 | M80: 100000 | N80: =L80*M80 -> 0 | O80: =N80/K80 -> #DIV/0!
D81: b. | E81: Kendaraan Bermotor Roda 4 atau lebih | I81: 0 | K81: =SUM(K82:K83) -> 0 | L81: =SUM(L82:L83) -> 0 | N81: =SUM(N82:N83) -> 0 | O81: =N81/K81 -> #DIV/0!
E82: 1) | F82: Baru | I82: 0 | J82: 200000 | K82: =I82*J82 -> 0 | L82: ='[1]L. MAT 10 TNKB LBN'!H16 -> 0 | M82: 200000 | N82: =L82*M82 -> 0 | O82: =N82/K82 -> #DIV/0!
E83: 2) | F83: Perpanjangan | I83: 0 | J83: 200000 | K83: =I83*J83 -> 0 | L83: ='[1]L. MAT 10 TNKB LBN'!J16 -> 0 | M83: 200000 | N83: =L83*M83 -> 0 | O83: =N83/K83 -> #DIV/0!
C85: 12 | D85: Penerbitan Nomor Register Kendaraan Bermotor (NRKB) Pilihan | I85: 12000 | K85: =+K86+K89+K92+K95 -> 99500000000 | L85: =+L86+L89+L92+L95 -> 597 | N85: =+N86+N89+N92+N95 -> 5340000000 | O85: =N85/K85 -> 0.053668342
D86: a. | E86: NRKB Pilihan untuk kombinasi 1 (satu) angka | I86: 1053 | K86: =SUM(K87:K88) -> 16585000000 | L86: =SUM(L87:L88) -> 66 | N86: =SUM(N87:N88) -> 1000000000 | O86: =N86/K86 -> 0.060295448
E87: 1) | F87: Tidak ada huruf dibelakang angka (blank) | I87: 158 | J87: 20000000 | K87: =I87*J87 -> 3160000000 | L87: 2 | M87: 20000000 | N87: =L87*M87 -> 40000000 | O87: =N87/K87 -> 0.012658228
E88: 2) | F88: Ada huruf dibelakang angka | I88: 895 | J88: 15000000 | K88: =I88*J88 -> 13425000000 | L88: 64 | M88: 15000000 | N88: =L88*M88 -> 960000000 | O88: =N88/K88 -> 0.07150838
D89: b. | E89: NRKB Pilihan untuk 2 (dua) angka | I89: 2383 | K89: =SUM(K90:K91) -> 25435000000 | L89: =SUM(L90:L91) -> 167 | N89: =SUM(N90:N91) -> 1700000000 | O89: =N89/K89 -> 0.066837036
E90: 1) | F90: Tidak ada huruf dibelakang angka (blank) | I90: 321 | J90: 15000000 | K90: =I90*J90 -> 4815000000 | L90: 6 | M90: 15000000 | N90: =L90*M90 -> 90000000 | O90: =N90/K90 -> 0.018691589
E91: 2) | F91: Ada huruf dibelakang angka | I91: 2062 | J91: 10000000 | K91: =I91*J91 -> 20620000000 | L91: 161 | M91: 10000000 | N91: =L91*M91 -> 1610000000 | O91: =N91/K91 -> 0.078079534
D92: c. | E92: NRKB Pilihan untuk 3 (tiga) angka | I92: 4609 | K92: =SUM(K93:K94) -> 35915000000 | L92: =SUM(L93:L94) -> 296 | N92: =SUM(N93:N94) -> 2252500000 | O92: =N92/K92 -> 0.062717527
E93: 1) | F93: Tidak ada huruf dibelakang angka (blank) | I93: 539 | J93: 10000000 | K93: =I93*J93 -> 5390000000 | L93: 13 | M93: 10000000 | N93: =L93*M93 -> 130000000 | O93: =N93/K93 -> 0.024118738
E94: 2) | F94: Ada huruf dibelakang angka | I94: 4070 | J94: 7500000 | K94: =I94*J94 -> 30525000000 | L94: 283 | M94: 7500000 | N94: =L94*M94 -> 2122500000 | O94: =N94/K94 -> 0.06953317
D95: d. | E95: NRKB Pilihan untuk 4 (empat) angka | I95: 3955 | K95: =SUM(K96:K97) -> 21565000000 | L95: =SUM(L96:L97) -> 68 | N95: =SUM(N96:N97) -> 387500000 | O95: =N95/K95 -> 0.017968931
E96: 1) | F96: Tidak ada huruf dibelakang angka (blank) | I96: 716 | J96: 7500000 | K96: =I96*J96 -> 5370000000 | L96: 19 | M96: 7500000 | N96: =L96*M96 -> 142500000 | O96: =N96/K96 -> 0.026536313
E97: 2) | F97: Ada huruf dibelakang angka | I97: 3239 | J97: 5000000 | K97: =I97*J97 -> 16195000000 | L97: 49 | M97: 5000000 | N97: =L97*M97 -> 245000000 | O97: =N97/K97 -> 0.015128126
C99: TOTAL TARGET | I99: =SUM(I13,I24,I35,I37,I45,I49,I53,I57,I65,I69,I77,I85) -> 19337001 | K99: =SUM(K13,K24,K35,K37,K45,K49,K53,K57,K65,K69,K77,K85) -> 2210588370000 | L99: =SUM(L13,L24,L35,L37,L45,L49,L53,L57,L65,L69,L77,L85) -> 853651 | N99: =SUM(N13,N24,N35,N37,N45,N49,N53,N57,N65,N69,N77,N85) -> 96005535000 | O99: =N99/K99 -> 0.043429856

Sheet AGUSTUS
B6: REALISASI TARGET PNBP T.A. 2026
B7: BULAN AGUSTUS T.A. 2026
B10: NO | C10: JENIS PENERIMAAN | I10: DATA TARGET | L10: REALISASI | O10: PROSENTASE
I11: VOLUME | J11: TARIF | K11: TARGET (Rp.) | L11: VOLUME | M11: TARIF | N11: REALISASI (Rp.)
B12: 1 | C12: 2 | I12: 3 | J12: 4 | K12: 5 | L12: 3 | M12: 4 | N12: 5 | O12: 6
C13: 1 | D13: Pengujian untuk penerbitan Surat Izin Mengemudi (SIM) baru | I13: 1002980 | K13: =SUM(K14:K22) -> 106956030000 | L13: =SUM(L14:L22) -> 33908 | N13: =SUM(N14:N22) -> 3654190000 | O13: =N13/K13 -> 0.034165348
D14: a. | E14: Penerbitan SIM A | I14: 294130 | J14: 120000 | K14: =I14*J14 -> 35295600000 | L14: 11358 | M14: 120000 | N14: =L14*M14 -> 1362960000 | O14: =N14/K14 -> 0.038615578
D15: b. | E15: Penerbitan SIM B I | I15: 30304 | J15: 120000 | K15: =I15*J15 -> 3636480000 | L15: 1318 | M15: 120000 | N15: =L15*M15 -> 158160000 | O15: =N15/K15 -> 0.043492608
D16: c. | E16: Penerbitan SIM B II | I16: 13370 | J16: 120000 | K16: =I16*J16 -> 1604400000 | L16: 511 | M16: 120000 | N16: =L16*M16 -> 61320000 | O16: =N16/K16 -> 0.038219895
D17: d. | E17: Penerbitan SIM C | I17: 662649 | J17: 100000 | K17: =I17*J17 -> 66264900000 | L17: 20711 | M17: 100000 | N17: =L17*M17 -> 2071100000 | O17: =N17/K17 -> 0.031254857
D18: e. | E18: Penerbitan SIM C I | I18: 299 | J18: 100000 | K18: =I18*J18 -> 29900000 | L18: 3 | M18: 100000 | N18: =L18*M18 -> 300000 | O18: =N18/K18 -> 0.010033445
D19: f. | E19: Penerbitan SIM C II | I19: 267 | J19: 100000 | K19: =I19*J19 -> 26700000 | L19: 0 | M19: 100000 | N19: =L19*M19 -> 0 | O19: =N19/K19 -> 0
D20: g. | E20: Penerbitan SIM D | I20: 1925 | J20: 50000 | K20: =I20*J20 -> 96250000 | L20: 6 | M20: 50000 | N20: =L20*M20 -> 300000 | O20: =N20/K20 -> 0.0031168831
D21: h. | E21: Penerbitan SIM D I | I21: 36 | J21: 50000 | K21: =I21*J21 -> 1800000 | L21: 1 | M21: 50000 | N21: =L21*M21 -> 50000 | O21: =N21/K21 -> 0.027777778
D22: i. | E22: Pembuatan SIM International | I22: 0 | J22: 250000 | K22: =I22*J22 -> 0 | L22: 0 | M22: 250000 | N22: =L22*M22 -> 0 | O22: =N22/K22 -> #DIV/0!
C24: 2 | D24: Penerbitan Perpanjangan Surat Izin Mengemudi (SIM) | I24: 1997021 | K24: =SUM(K25:K33) -> 153240870000 | L24: =SUM(L25:L33) -> 108424 | N24: =SUM(N25:N33) -> 8315665000 | O24: =N24/K24 -> 0.054265321
D25: a. | E25: Penerbitan SIM A | I25: 596792 | J25: 80000 | K25: =I25*J25 -> 47743360000 | L25: 32618 | M25: 80000 | N25: =L25*M25 -> 2609440000 | O25: =N25/K25 -> 0.054655558
D26: b. | E26: Penerbitan SIM B I | I26: 63576 | J26: 80000 | K26: =I26*J26 -> 5086080000 | L26: 2615 | M26: 80000 | N26: =L26*M26 -> 209200000 | O26: =N26/K26 -> 0.041131874
D27: c. | E27: Penerbitan SIM B II | I27: 35983 | J27: 80000 | K27: =I27*J27 -> 2878640000 | L27: 1612 | M27: 80000 | N27: =L27*M27 -> 128960000 | O27: =N27/K27 -> 0.044798933
D28: d. | E28: Penerbitan SIM C | I28: 1296381 | J28: 75000 | K28: =I28*J28 -> 97228575000 | L28: 71571 | M28: 75000 | N28: =L28*M28 -> 5367825000 | O28: =N28/K28 -> 0.055208307
D29: e. | E29: Penerbitan SIM C I | I29: 3815 | J29: 75000 | K29: =I29*J29 -> 286125000 | L29: 0 | M29: 75000 | N29: =L29*M29 -> 0 | O29: =N29/K29 -> 0
D30: f. | E30: Penerbitan SIM C II | I30: 86 | J30: 75000 | K30: =I30*J30 -> 6450000 | L30: 0 | M30: 75000 | N30: =L30*M30 -> 0 | O30: =N30/K30 -> 0
D31: g. | E31: Penerbitan SIM D | I31: 360 | J31: 30000 | K31: =I31*J31 -> 10800000 | L31: 8 | M31: 30000 | N31: =L31*M31 -> 240000 | O31: =N31/K31 -> 0.022222222
D32: h. | E32: Penerbitan SIM D I | I32: 28 | J32: 30000 | K32: =I32*J32 -> 840000 | L32: 0 | M32: 30000 | N32: =L32*M32 -> 0 | O32: =N32/K32 -> 0
D33: i. | E33: Penerbitan SIM Internasional | I33: 0 | J33: 225000 | K33: =I33*J33 -> 0 | L33: 0 | M33: 225000 | N33: =L33*M33 -> 0
C35: 3 | D35: Penerbitan Surat Keterangan Uji Keterampilan Pengemudi (SKUKP) | I35: 100000 | J35: 50000 | K35: =I35*J35 -> 5000000000 | L35: 5941 | M35: 50000 | N35: =L35*M35 -> 297050000 | O35: =N35/K35 -> 0.05941
C37: 4 | D37: Penerbitan Surat Tanda Nomor Kendaraan Bermotor (STNK) | I37: 6000000 | K37: =+K38+K41 -> 727309900000 | L37: =L38+L41 -> 279047 | N37: =+N38+N41 -> 32410500000 | O37: =N37/K37 -> 0.04456216
D38: a. | E38: Kendaraan Bermotor roda 2 atau roda 3 | I38: 4726901 | K38: =SUM(K39:K40) -> 472690100000 | L38: =SUM(L39:L40) -> 233989 | N38: =SUM(N39:N40) -> 23398900000 | O38: =N38/K38 -> 0.049501566
E39: 1) | F39: Baru | I39: 2267860 | J39: 100000 | K39: =I39*J39 -> 226786000000 | L39: 52453 | M39: 100000 | N39: =L39*M39 -> 5245300000 | O39: =N39/K39 -> 0.023128853
E40: 2) | F40: Perpanjangan | I40: 2459041 | J40: 100000 | K40: =I40*J40 -> 245904100000 | L40: 181536 | M40: 100000 | N40: =L40*M40 -> 18153600000 | O40: =N40/K40 -> 0.073823901
D41: b. | E41: Kendaraan bermotor roda 4 atau lebih | I41: 1273099 | K41: =SUM(K42:K43) -> 254619800000 | L41: =SUM(L42:L43) -> 45058 | N41: =SUM(N42:N43) -> 9011600000 | O41: =N41/K41 -> 0.035392377
E42: 1) | F42: Baru | I42: 626781 | J42: 200000 | K42: =I42*J42 -> 125356200000 | L42: 5268 | M42: 200000 | N42: =L42*M42 -> 1053600000 | O42: =N42/K42 -> 0.0084048495
E43: 2) | F43: Perpanjangan | I43: 646318 | J43: 200000 | K43: =I43*J43 -> 129263600000 | L43: 39790 | M43: 200000 | N43: =L43*M43 -> 7958000000 | O43: =N43/K43 -> 0.061564122
C45: 5 | D45: Penerbitan Tanda Nomor Kendaraan Bermotor (TNKB) | I45: 6000000 | K45: =SUM(K46,K47) -> 411586320000 | L45: =SUM(L46:L47) -> 273117 | N45: =SUM(N46,N47) -> 18163260000 | O45: =N45/K45 -> 0.044129892
D46: a. | E46: Kendaraan Bermotor Roda 2 atau 3 | I46: 4710342 | J46: 60000 | K46: =I46*J46 -> 282620520000 | L46: 228711 | M46: 60000 | N46: =L46*M46 -> 13722660000 | O46: =N46/K46 -> 0.048555073
D47: b. | E47: Kendaraan Bermotor Roda 4 atau lebih | I47: 1289658 | J47: 100000 | K47: =I47*J47 -> 128965800000 | L47: 44406 | M47: 100000 | N47: =L47*M47 -> 4440600000 | O47: =N47/K47 -> 0.034432384
C49: 6 | D49: Penerbitan Surat Tanda Coba Kendaraan Bermotor (STCK) | I49: 1500000 | K49: =SUM(K50:K51) -> 43861750000 | L49: =SUM(L50:L51) -> 58133 | N49: =SUM(N50:N51) -> 1594200000 | O49: =N49/K49 -> 0.036346019
D50: a. | E50: Kendaraan Bermotor Roda 2 atau 3 | I50: 1245530 | J50: 25000 | K50: =I50*J50 -> 31138250000 | L50: 52498 | M50: 25000 | N50: =L50*M50 -> 1312450000 | O50: =N50/K50 -> 0.042149125
D51: b. | E51: Kendaraan Bermotor Roda 4 atau lebih | I51: 254470 | J51: 50000 | K51: =I51*J51 -> 12723500000 | L51: 5635 | M51: 50000 | N51: =L51*M51 -> 281750000 | O51: =N51/K51 -> 0.022144064
C53: 7 | D53: Penerbitan Tanda Coba Kendaraan Bermotor (TCKB) | I53: 75000 | K53: =SUM(K54:K55) -> 5024800000 | L53: =SUM(L54:L55) -> 4659 | N53: =SUM(N54:N55) -> 323060000 | O53: =N53/K53 -> 0.064293106
D54: a. | E54: Kendaraan Bermotor Roda 2 atau 3 | I54: 61880 | J54: 60000 | K54: =I54*J54 -> 3712800000 | L54: 3571 | M54: 60000 | N54: =L54*M54 -> 214260000 | O54: =N54/K54 -> 0.057708468
D55: b. | E55: Kendaraan Bermotor Roda 4 atau lebih | I55: 13120 | J55: 100000 | K55: =I55*J55 -> 1312000000 | L55: 1088 | M55: 100000 | N55: =L55*M55 -> 108800000 | O55: =N55/K55 -> 0.082926829
C57: 8 | D57: Penerbitan Buku Pemilik Kendaraan Bermotor (BPKB) | I57: 2400000 | K57: =+K58+K61 -> 607771500000 | L57: =+L58+L61 -> 106876 | N57: =+N58+N61 -> 26876400000 | O57: =N57/K57 -> 0.044221225
D58: a. | E58: Kendaraan Bermotor roda 2 atau roda 3 | I58: 1948190 | K58: =K59+K60 -> 438342750000 | L58: =L59+L60 -> 88014 | N58: =N59+N60 -> 19803150000 | O58: =N58/K58 -> 0.045177318
E59: 1) | F59: Baru | I59: 1619192 | J59: 225000 | K59: =I59*J59 -> 364318200000 | L59: 52527 | M59: 225000 | N59: =L59*M59 -> 11818575000 | O59: =N59/K59 -> 0.032440254
E60: 2) | F60: Ganti Kepemilikan | I60: 328998 | J60: 225000 | K60: =I60*J60 -> 74024550000 | L60: 35487 | M60: 225000 | N60: =L60*M60 -> 7984575000 | O60: =N60/K60 -> 0.10786388
D61: b. | E61: Kendaraan Bermotor Roda 4 atau lebih | I61: 451810 | K61: =K62+K63 -> 169428750000 | L61: =L62+L63 -> 18862 | N61: =N62+N63 -> 7073250000 | O61: =N61/K61 -> 0.041747637
E62: 1) | F62: Baru | I62: 319858 | J62: 375000 | K62: =I62*J62 -> 119946750000 | L62: 5264 | M62: 375000 | N62: =L62*M62 -> 1974000000 | O62: =N62/K62 -> 0.016457303
E63: 2) | F63: Ganti Kepemilikan | I63: 131952 | J63: 375000 | K63: =I63*J63 -> 49482000000 | L63: 13598 | M63: 375000 | N63: =L63*M63 -> 5099250000 | O63: =N63/K63 -> 0.10305263
C65: 9 | D65: Penerbitan Surat Mutasi Kendaraan Ke Luar Daerah | I65: 250000 | K65: =SUM(K66:K67) -> 50337200000 | L65: =SUM(L66:L67) -> 17758 | N65: =SUM(N66:N67) -> 3482600000 | O65: =N65/K65 -> 0.069185414
D66: a. | E66: Kendaraan Bermotor Roda 2 atau roda 3 | I66: 121628 | J66: 150000 | K66: =I66*J66 -> 18244200000 | L66: 9569 | M66: 150000 | N66: =L66*M66 -> 1435350000 | O66: =N66/K66 -> 0.078674318
D67: b. | E67: Kendaraan Bermotor Roda 4 atau lebih | I67: 128372 | J67: 250000 | K67: =I67*J67 -> 32093000000 | L67: 8189 | M67: 250000 | N67: =L67*M67 -> 2047250000 | O67: =N67/K67 -> 0.063791169
C69: 10 | D69: Penerbitan Surat Tanda Nomor Kendaraaan Bermotor Lintas Batas Negara (STNK-LBN) | I69: 0 | K69: =+K70+K73 -> 0 | L69: =+L70+L73 -> 0 | N69: =+N70+N73 -> 0 | O69: =N69/K69 -> #DIV/0!
D70: a. | E70: Kendaraan Bermotor Roda 2 atau roda 3 | I70: 0 | K70: =SUM(K71:K72) -> 0 | L70: =SUM(L71:L72) -> 0 | N70: =SUM(N71:N72) -> 0 | O70: =N70/K70 -> #DIV/0!
E71: 1) | F71: Baru | I71: 0 | J71: 100000 | K71: =I71*J71 -> 0 | L71: ='[1]L. MAT 09 STNKLBN'!G16 -> 0 | M71: 100000 | N71: =L71*M71 -> 0 | O71: =N71/K71 -> #DIV/0!
E72: 2) | F72: Perpanjangan | I72: 0 | J72: 100000 | K72: =I72*J72 -> 0 | L72: ='[1]L. MAT 09 STNKLBN'!I16 -> 0 | M72: 100000 | N72: =L72*M72 -> 0 | O72: =N72/K72 -> #DIV/0!
D73: b. | E73: Kendaraan Bermotor Roda 4 atau lebih | I73: 0 | K73: =SUM(K74:K75) -> 0 | L73: =SUM(L74:L75) -> 0 | N73: =SUM(N74:N75) -> 0 | O73: =N73/K73 -> #DIV/0!
E74: 1) | F74: Baru | I74: 0 | J74: 200000 | K74: =I74*J74 -> 0 | L74: ='[1]L. MAT 09 STNKLBN'!H16 -> 0 | M74: 200000 | N74: =L74*M74 -> 0 | O74: =N74/K74 -> #DIV/0!
E75: 2) | F75: Perpanjangan | I75: 0 | J75: 200000 | K75: =I75*J75 -> 0 | L75: ='[1]L. MAT 09 STNKLBN'!J16 -> 0 | M75: 200000 | N75: =L75*M75 -> 0 | O75: =N75/K75 -> #DIV/0!
C77: 11 | D77: Penerbitan Tanda Nomor Kendaraaan Bermotor Lintas Batas Negara (TNKB-LBN) | I77: 0 | K77: =K78+K81 -> 0 | L77: =L78+L81 -> 0 | N77: =N78+N81 -> 0 | O77: =N77/K77 -> #DIV/0!
D78: a. | E78: Kendaraan Bermotor Roda 2 atau roda 3 | I78: 0 | K78: =SUM(K79:K80) -> 0 | L78: =SUM(L79:L80) -> 0 | N78: =SUM(N79:N80) -> 0 | O78: =N78/K78 -> #DIV/0!
E79: 1) | F79: Baru | I79: 0 | J79: 100000 | K79: =I79*J79 -> 0 | L79: ='[1]L. MAT 10 TNKB LBN'!G16 -> 0 | M79: 100000 | N79: =L79*M79 -> 0 | O79: =N79/K79 -> #DIV/0!
E80: 2) | F80: Perpanjangan | J80: 100000 | K80: =I80*J80 -> 0 | L80: ='[1]L. MAT 10 TNKB LBN'!I16 -> 0 | M80: 100000 | N80: =L80*M80 -> 0 | O80: =N80/K80 -> #DIV/0!
D81: b. | E81: Kendaraan Bermotor Roda 4 atau lebih | I81: 0 | K81: =SUM(K82:K83) -> 0 | L81: =SUM(L82:L83) -> 0 | N81: =SUM(N82:N83) -> 0 | O81: =N81/K81 -> #DIV/0!
E82: 1) | F82: Baru | I82: 0 | J82: 200000 | K82: =I82*J82 -> 0 | L82: ='[1]L. MAT 10 TNKB LBN'!H16 -> 0 | M82: 200000 | N82: =L82*M82 -> 0 | O82: =N82/K82 -> #DIV/0!
E83: 2) | F83: Perpanjangan | I83: 0 | J83: 200000 | K83: =I83*J83 -> 0 | L83: ='[1]L. MAT 10 TNKB LBN'!J16 -> 0 | M83: 200000 | N83: =L83*M83 -> 0 | O83: =N83/K83 -> #DIV/0!
C85: 12 | D85: Penerbitan Nomor Register Kendaraan Bermotor (NRKB) Pilihan | I85: 12000 | K85: =+K86+K89+K92+K95 -> 99500000000 | L85: =+L86+L89+L92+L95 -> 510 | N85: =+N86+N89+N92+N95 -> 4522500000 | O85: =N85/K85 -> 0.045452261
D86: a. | E86: NRKB Pilihan untuk kombinasi 1 (satu) angka | I86: 1053 | K86: =SUM(K87:K88) -> 16585000000 | L86: =SUM(L87:L88) -> 53 | N86: =SUM(N87:N88) -> 800000000 | O86: =N86/K86 -> 0.048236358
E87: 1) | F87: Tidak ada huruf dibelakang angka (blank) | I87: 158 | J87: 20000000 | K87: =I87*J87 -> 3160000000 | L87: 1 | M87: 20000000 | N87: =L87*M87 -> 20000000 | O87: =N87/K87 -> 0.0063291139
E88: 2) | F88: Ada huruf dibelakang angka | I88: 895 | J88: 15000000 | K88: =I88*J88 -> 13425000000 | L88: 52 | M88: 15000000 | N88: =L88*M88 -> 780000000 | O88: =N88/K88 -> 0.058100559
D89: b. | E89: NRKB Pilihan untuk 2 (dua) angka | I89: 2383 | K89: =SUM(K90:K91) -> 25435000000 | L89: =SUM(L90:L91) -> 125 | N89: =SUM(N90:N91) -> 1295000000 | O89: =N89/K89 -> 0.050914095
E90: 1) | F90: Tidak ada huruf dibelakang angka (blank) | I90: 321 | J90: 15000000 | K90: =I90*J90 -> 4815000000 | L90: 9 | M90: 15000000 | N90: =L90*M90 -> 135000000 | O90: =N90/K90 -> 0.028037383
E91: 2) | F91: Ada huruf dibelakang angka | I91: 2062 | J91: 10000000 | K91: =I91*J91 -> 20620000000 | L91: 116 | M91: 10000000 | N91: =L91*M91 -> 1160000000 | O91: =N91/K91 -> 0.056256062
D92: c. | E92: NRKB Pilihan untuk 3 (tiga) angka | I92: 4609 | K92: =SUM(K93:K94) -> 35915000000 | L92: =SUM(L93:L94) -> 259 | N92: =SUM(N93:N94) -> 1990000000 | O92: =N92/K92 -> 0.055408604
E93: 1) | F93: Tidak ada huruf dibelakang angka (blank) | I93: 539 | J93: 10000000 | K93: =I93*J93 -> 5390000000 | L93: 19 | M93: 10000000 | N93: =L93*M93 -> 190000000 | O93: =N93/K93 -> 0.035250464
E94: 2) | F94: Ada huruf dibelakang angka | I94: 4070 | J94: 7500000 | K94: =I94*J94 -> 30525000000 | L94: 240 | M94: 7500000 | N94: =L94*M94 -> 1800000000 | O94: =N94/K94 -> 0.058968059
D95: d. | E95: NRKB Pilihan untuk 4 (empat) angka | I95: 3955 | K95: =SUM(K96:K97) -> 21565000000 | L95: =SUM(L96:L97) -> 73 | N95: =SUM(N96:N97) -> 437500000 | O95: =N95/K95 -> 0.020287503
E96: 1) | F96: Tidak ada huruf dibelakang angka (blank) | I96: 716 | J96: 7500000 | K96: =I96*J96 -> 5370000000 | L96: 29 | M96: 7500000 | N96: =L96*M96 -> 217500000 | O96: =N96/K96 -> 0.040502793
E97: 2) | F97: Ada huruf dibelakang angka | I97: 3239 | J97: 5000000 | K97: =I97*J97 -> 16195000000 | L97: 44 | M97: 5000000 | N97: =L97*M97 -> 220000000 | O97: =N97/K97 -> 0.01358444
C99: TOTAL TARGET | I99: =SUM(I13,I24,I35,I37,I45,I49,I53,I57,I65,I69,I77,I85) -> 19337001 | K99: =SUM(K13,K24,K35,K37,K45,K49,K53,K57,K65,K69,K77,K85) -> 2210588370000 | L99: =SUM(L13,L24,L35,L37,L45,L49,L53,L57,L65,L69,L77,L85) -> 888373 | N99: =SUM(N13,N24,N35,N37,N45,N49,N53,N57,N65,N69,N77,N85) -> 99639425000 | O99: =N99/K99 -> 0.045073713

Sheet SEPT
B6: REALISASI TARGET PNBP T.A. 2026
B7: BULAN SEPTEMBER T.A. 2026
B10: NO | C10: JENIS PENERIMAAN | I10: DATA TARGET | L10: REALISASI | O10: PROSENTASE
I11: VOLUME | J11: TARIF | K11: TARGET (Rp.) | L11: VOLUME | M11: TARIF | N11: REALISASI (Rp.)
B12: 1 | C12: 2 | I12: 3 | J12: 4 | K12: 5 | L12: 3 | M12: 4 | N12: 5 | O12: 6
C13: 1 | D13: Pengujian untuk penerbitan Surat Izin Mengemudi (SIM) baru | I13: 1002980 | K13: =SUM(K14:K22) -> 106956030000 | L13: =SUM(L14:L22) -> 31199 | N13: =SUM(N14:N22) -> 3378890000 | O13: =N13/K13 -> 0.031591393
D14: a. | E14: Penerbitan SIM A | I14: 294130 | J14: 120000 | K14: =I14*J14 -> 35295600000 | L14: 11098 | M14: 120000 | N14: =L14*M14 -> 1331760000 | O14: =N14/K14 -> 0.037731615
D15: b. | E15: Penerbitan SIM B I | I15: 30304 | J15: 120000 | K15: =I15*J15 -> 3636480000 | L15: 1341 | M15: 120000 | N15: =L15*M15 -> 160920000 | O15: =N15/K15 -> 0.044251584
D16: c. | E16: Penerbitan SIM B II | I16: 13370 | J16: 120000 | K16: =I16*J16 -> 1604400000 | L16: 518 | M16: 120000 | N16: =L16*M16 -> 62160000 | O16: =N16/K16 -> 0.038743455
D17: d. | E17: Penerbitan SIM C | I17: 662649 | J17: 100000 | K17: =I17*J17 -> 66264900000 | L17: 18237 | M17: 100000 | N17: =L17*M17 -> 1823700000 | O17: =N17/K17 -> 0.027521357
D18: e. | E18: Penerbitan SIM C I | I18: 299 | J18: 100000 | K18: =I18*J18 -> 29900000 | L18: 2 | M18: 100000 | N18: =L18*M18 -> 200000 | O18: =N18/K18 -> 0.0066889632
D19: f. | E19: Penerbitan SIM C II | I19: 267 | J19: 100000 | K19: =I19*J19 -> 26700000 | L19: 0 | M19: 100000 | N19: =L19*M19 -> 0 | O19: =N19/K19 -> 0
D20: g. | E20: Penerbitan SIM D | I20: 1925 | J20: 50000 | K20: =I20*J20 -> 96250000 | L20: 3 | M20: 50000 | N20: =L20*M20 -> 150000 | O20: =N20/K20 -> 0.0015584416
D21: h. | E21: Penerbitan SIM D I | I21: 36 | J21: 50000 | K21: =I21*J21 -> 1800000 | L21: 0 | M21: 50000 | N21: =L21*M21 -> 0 | O21: =N21/K21 -> 0
D22: i. | E22: Pembuatan SIM International | I22: 0 | J22: 250000 | K22: =I22*J22 -> 0 | L22: 0 | M22: 250000 | N22: =L22*M22 -> 0 | O22: =N22/K22 -> #DIV/0!
C24: 2 | D24: Penerbitan Perpanjangan Surat Izin Mengemudi (SIM) | I24: 1997021 | K24: =SUM(K25:K33) -> 153240870000 | L24: =SUM(L25:L33) -> 97825 | N24: =SUM(N25:N33) -> 7505130000 | O24: =N24/K24 -> 0.048976034
D25: a. | E25: Penerbitan SIM A | I25: 596792 | J25: 80000 | K25: =I25*J25 -> 47743360000 | L25: 30219 | M25: 80000 | N25: =L25*M25 -> 2417520000 | O25: =N25/K25 -> 0.050635732
D26: b. | E26: Penerbitan SIM B I | I26: 63576 | J26: 80000 | K26: =I26*J26 -> 5086080000 | L26: 2172 | M26: 80000 | N26: =L26*M26 -> 173760000 | O26: =N26/K26 -> 0.034163835
D27: c. | E27: Penerbitan SIM B II | I27: 35983 | J27: 80000 | K27: =I27*J27 -> 2878640000 | L27: 1332 | M27: 80000 | N27: =L27*M27 -> 106560000 | O27: =N27/K27 -> 0.03701748
D28: d. | E28: Penerbitan SIM C | I28: 1296381 | J28: 75000 | K28: =I28*J28 -> 97228575000 | L28: 64094 | M28: 75000 | N28: =L28*M28 -> 4807050000 | O28: =N28/K28 -> 0.049440712
D29: e. | E29: Penerbitan SIM C I | I29: 3815 | J29: 75000 | K29: =I29*J29 -> 286125000 | L29: 0 | M29: 75000 | N29: =L29*M29 -> 0 | O29: =N29/K29 -> 0
D30: f. | E30: Penerbitan SIM C II | I30: 86 | J30: 75000 | K30: =I30*J30 -> 6450000 | L30: 0 | M30: 75000 | N30: =L30*M30 -> 0 | O30: =N30/K30 -> 0
D31: g. | E31: Penerbitan SIM D | I31: 360 | J31: 30000 | K31: =I31*J31 -> 10800000 | L31: 8 | M31: 30000 | N31: =L31*M31 -> 240000 | O31: =N31/K31 -> 0.022222222
D32: h. | E32: Penerbitan SIM D I | I32: 28 | J32: 30000 | K32: =I32*J32 -> 840000 | L32: 0 | M32: 30000 | N32: =L32*M32 -> 0 | O32: =N32/K32 -> 0
D33: i. | E33: Penerbitan SIM Internasional | I33: 0 | J33: 225000 | K33: =I33*J33 -> 0 | L33: 0 | M33: 225000 | N33: =L33*M33 -> 0
C35: 3 | D35: Penerbitan Surat Keterangan Uji Keterampilan Pengemudi (SKUKP) | I35: 100000 | J35: 50000 | K35: =I35*J35 -> 5000000000 | L35: 5501 | M35: 50000 | N35: =L35*M35 -> 275050000 | O35: =N35/K35 -> 0.05501
C37: 4 | D37: Penerbitan Surat Tanda Nomor Kendaraan Bermotor (STNK) | I37: 6000000 | K37: =+K38+K41 -> 727309900000 | L37: =L38+L41 -> 272578 | N37: =+N38+N41 -> 31986000000 | O37: =N37/K37 -> 0.043978502
D38: a. | E38: Kendaraan Bermotor roda 2 atau roda 3 | I38: 4726901 | K38: =SUM(K39:K40) -> 472690100000 | L38: =SUM(L39:L40) -> 225296 | N38: =SUM(N39:N40) -> 22529600000 | O38: =N38/K38 -> 0.047662517
E39: 1) | F39: Baru | I39: 2267860 | J39: 100000 | K39: =I39*J39 -> 226786000000 | L39: 55867 | M39: 100000 | N39: =L39*M39 -> 5586700000 | O39: =N39/K39 -> 0.024634237
E40: 2) | F40: Perpanjangan | I40: 2459041 | J40: 100000 | K40: =I40*J40 -> 245904100000 | L40: 169429 | M40: 100000 | N40: =L40*M40 -> 16942900000 | O40: =N40/K40 -> 0.068900437
D41: b. | E41: Kendaraan bermotor roda 4 atau lebih | I41: 1273099 | K41: =SUM(K42:K43) -> 254619800000 | L41: =SUM(L42:L43) -> 47282 | N41: =SUM(N42:N43) -> 9456400000 | O41: =N41/K41 -> 0.037139296
E42: 1) | F42: Baru | I42: 626781 | J42: 200000 | K42: =I42*J42 -> 125356200000 | L42: 6305 | M42: 200000 | N42: =L42*M42 -> 1261000000 | O42: =N42/K42 -> 0.010059335
E43: 2) | F43: Perpanjangan | I43: 646318 | J43: 200000 | K43: =I43*J43 -> 129263600000 | L43: 40977 | M43: 200000 | N43: =L43*M43 -> 8195400000 | O43: =N43/K43 -> 0.063400679
C45: 5 | D45: Penerbitan Tanda Nomor Kendaraan Bermotor (TNKB) | I45: 6000000 | K45: =SUM(K46,K47) -> 411586320000 | L45: =SUM(L46:L47) -> 271207 | N45: =SUM(N46,N47) -> 18329500000 | O45: =N45/K45 -> 0.044533793
D46: a. | E46: Kendaraan Bermotor Roda 2 atau 3 | I46: 4710342 | J46: 60000 | K46: =I46*J46 -> 282620520000 | L46: 219780 | M46: 60000 | N46: =L46*M46 -> 13186800000 | O46: =N46/K46 -> 0.046659032
D47: b. | E47: Kendaraan Bermotor Roda 4 atau lebih | I47: 1289658 | J47: 100000 | K47: =I47*J47 -> 128965800000 | L47: 51427 | M47: 100000 | N47: =L47*M47 -> 5142700000 | O47: =N47/K47 -> 0.039876463
C49: 6 | D49: Penerbitan Surat Tanda Coba Kendaraan Bermotor (STCK) | I49: 1500000 | K49: =SUM(K50:K51) -> 43861750000 | L49: =SUM(L50:L51) -> 62515 | N49: =SUM(N50:N51) -> 1730525000 | O49: =N49/K49 -> 0.03945408
D50: a. | E50: Kendaraan Bermotor Roda 2 atau 3 | I50: 1245530 | J50: 25000 | K50: =I50*J50 -> 31138250000 | L50: 55809 | M50: 25000 | N50: =L50*M50 -> 1395225000 | O50: =N50/K50 -> 0.044807431
D51: b. | E51: Kendaraan Bermotor Roda 4 atau lebih | I51: 254470 | J51: 50000 | K51: =I51*J51 -> 12723500000 | L51: 6706 | M51: 50000 | N51: =L51*M51 -> 335300000 | O51: =N51/K51 -> 0.026352812
C53: 7 | D53: Penerbitan Tanda Coba Kendaraan Bermotor (TCKB) | I53: 75000 | K53: =SUM(K54:K55) -> 5024800000 | L53: =SUM(L54:L55) -> 4957 | N53: =SUM(N54:N55) -> 348940000 | O53: =N53/K53 -> 0.06944356
D54: a. | E54: Kendaraan Bermotor Roda 2 atau 3 | I54: 61880 | J54: 60000 | K54: =I54*J54 -> 3712800000 | L54: 3669 | M54: 60000 | N54: =L54*M54 -> 220140000 | O54: =N54/K54 -> 0.059292178
D55: b. | E55: Kendaraan Bermotor Roda 4 atau lebih | I55: 13120 | J55: 100000 | K55: =I55*J55 -> 1312000000 | L55: 1288 | M55: 100000 | N55: =L55*M55 -> 128800000 | O55: =N55/K55 -> 0.098170732
C57: 8 | D57: Penerbitan Buku Pemilik Kendaraan Bermotor (BPKB) | I57: 2400000 | K57: =+K58+K61 -> 607771500000 | L57: =+L58+L61 -> 102916 | N57: =+N58+N61 -> 26077650000 | O57: =N57/K57 -> 0.042906997
D58: a. | E58: Kendaraan Bermotor roda 2 atau roda 3 | I58: 1948190 | K58: =K59+K60 -> 438342750000 | L58: =L59+L60 -> 83439 | N58: =N59+N60 -> 18773775000 | O58: =N58/K58 -> 0.042828985
E59: 1) | F59: Baru | I59: 1619192 | J59: 225000 | K59: =I59*J59 -> 364318200000 | L59: 55788 | M59: 225000 | N59: =L59*M59 -> 12552300000 | O59: =N59/K59 -> 0.034454222
E60: 2) | F60: Ganti Kepemilikan | I60: 328998 | J60: 225000 | K60: =I60*J60 -> 74024550000 | L60: 27651 | M60: 225000 | N60: =L60*M60 -> 6221475000 | O60: =N60/K60 -> 0.084046104
D61: b. | E61: Kendaraan Bermotor Roda 4 atau lebih | I61: 451810 | K61: =K62+K63 -> 169428750000 | L61: =L62+L63 -> 19477 | N61: =N62+N63 -> 7303875000 | O61: =N61/K61 -> 0.043108829
E62: 1) | F62: Baru | I62: 319858 | J62: 375000 | K62: =I62*J62 -> 119946750000 | L62: 6350 | M62: 375000 | N62: =L62*M62 -> 2381250000 | O62: =N62/K62 -> 0.01985256
E63: 2) | F63: Ganti Kepemilikan | I63: 131952 | J63: 375000 | K63: =I63*J63 -> 49482000000 | L63: 13127 | M63: 375000 | N63: =L63*M63 -> 4922625000 | O63: =N63/K63 -> 0.099483145
C65: 9 | D65: Penerbitan Surat Mutasi Kendaraan Ke Luar Daerah | I65: 250000 | K65: =SUM(K66:K67) -> 50337200000 | L65: =SUM(L66:L67) -> 13495 | N65: =SUM(N66:N67) -> 2714350000 | O65: =N65/K65 -> 0.053923341
D66: a. | E66: Kendaraan Bermotor Roda 2 atau roda 3 | I66: 121628 | J66: 150000 | K66: =I66*J66 -> 18244200000 | L66: 6594 | M66: 150000 | N66: =L66*M66 -> 989100000 | O66: =N66/K66 -> 0.05421449
D67: b. | E67: Kendaraan Bermotor Roda 4 atau lebih | I67: 128372 | J67: 250000 | K67: =I67*J67 -> 32093000000 | L67: 6901 | M67: 250000 | N67: =L67*M67 -> 1725250000 | O67: =N67/K67 -> 0.053757829
C69: 10 | D69: Penerbitan Surat Tanda Nomor Kendaraaan Bermotor Lintas Batas Negara (STNK-LBN) | I69: 0 | K69: =+K70+K73 -> 0 | L69: =+L70+L73 -> 0 | N69: =+N70+N73 -> 0 | O69: =N69/K69 -> #DIV/0!
D70: a. | E70: Kendaraan Bermotor Roda 2 atau roda 3 | I70: 0 | K70: =SUM(K71:K72) -> 0 | L70: =SUM(L71:L72) -> 0 | N70: =SUM(N71:N72) -> 0 | O70: =N70/K70 -> #DIV/0!
E71: 1) | F71: Baru | I71: 0 | J71: 100000 | K71: =I71*J71 -> 0 | L71: ='[1]L. MAT 09 STNKLBN'!G16 -> 0 | M71: 100000 | N71: =L71*M71 -> 0 | O71: =N71/K71 -> #DIV/0!
E72: 2) | F72: Perpanjangan | I72: 0 | J72: 100000 | K72: =I72*J72 -> 0 | L72: ='[1]L. MAT 09 STNKLBN'!I16 -> 0 | M72: 100000 | N72: =L72*M72 -> 0 | O72: =N72/K72 -> #DIV/0!
D73: b. | E73: Kendaraan Bermotor Roda 4 atau lebih | I73: 0 | K73: =SUM(K74:K75) -> 0 | L73: =SUM(L74:L75) -> 0 | N73: =SUM(N74:N75) -> 0 | O73: =N73/K73 -> #DIV/0!
E74: 1) | F74: Baru | I74: 0 | J74: 200000 | K74: =I74*J74 -> 0 | L74: ='[1]L. MAT 09 STNKLBN'!H16 -> 0 | M74: 200000 | N74: =L74*M74 -> 0 | O74: =N74/K74 -> #DIV/0!
E75: 2) | F75: Perpanjangan | I75: 0 | J75: 200000 | K75: =I75*J75 -> 0 | L75: ='[1]L. MAT 09 STNKLBN'!J16 -> 0 | M75: 200000 | N75: =L75*M75 -> 0 | O75: =N75/K75 -> #DIV/0!
C77: 11 | D77: Penerbitan Tanda Nomor Kendaraaan Bermotor Lintas Batas Negara (TNKB-LBN) | I77: 0 | K77: =K78+K81 -> 0 | L77: =L78+L81 -> 0 | N77: =N78+N81 -> 0 | O77: =N77/K77 -> #DIV/0!
D78: a. | E78: Kendaraan Bermotor Roda 2 atau roda 3 | I78: 0 | K78: =SUM(K79:K80) -> 0 | L78: =SUM(L79:L80) -> 0 | N78: =SUM(N79:N80) -> 0 | O78: =N78/K78 -> #DIV/0!
E79: 1) | F79: Baru | I79: 0 | J79: 100000 | K79: =I79*J79 -> 0 | L79: ='[1]L. MAT 10 TNKB LBN'!G16 -> 0 | M79: 100000 | N79: =L79*M79 -> 0 | O79: =N79/K79 -> #DIV/0!
E80: 2) | F80: Perpanjangan | J80: 100000 | K80: =I80*J80 -> 0 | L80: ='[1]L. MAT 10 TNKB LBN'!I16 -> 0 | M80: 100000 | N80: =L80*M80 -> 0 | O80: =N80/K80 -> #DIV/0!
D81: b. | E81: Kendaraan Bermotor Roda 4 atau lebih | I81: 0 | K81: =SUM(K82:K83) -> 0 | L81: =SUM(L82:L83) -> 0 | N81: =SUM(N82:N83) -> 0 | O81: =N81/K81 -> #DIV/0!
E82: 1) | F82: Baru | I82: 0 | J82: 200000 | K82: =I82*J82 -> 0 | L82: ='[1]L. MAT 10 TNKB LBN'!H16 -> 0 | M82: 200000 | N82: =L82*M82 -> 0 | O82: =N82/K82 -> #DIV/0!
E83: 2) | F83: Perpanjangan | I83: 0 | J83: 200000 | K83: =I83*J83 -> 0 | L83: ='[1]L. MAT 10 TNKB LBN'!J16 -> 0 | M83: 200000 | N83: =L83*M83 -> 0 | O83: =N83/K83 -> #DIV/0!
C85: 12 | D85: Penerbitan Nomor Register Kendaraan Bermotor (NRKB) Pilihan | I85: 12000 | K85: =+K86+K89+K92+K95 -> 99500000000 | L85: =+L86+L89+L92+L95 -> 685 | N85: =+N86+N89+N92+N95 -> 6077500000 | O85: =N85/K85 -> 0.061080402
D86: a. | E86: NRKB Pilihan untuk kombinasi 1 (satu) angka | I86: 1053 | K86: =SUM(K87:K88) -> 16585000000 | L86: =SUM(L87:L88) -> 86 | N86: =SUM(N87:N88) -> 1295000000 | O86: =N86/K86 -> 0.078082605
E87: 1) | F87: Tidak ada huruf dibelakang angka (blank) | I87: 158 | J87: 20000000 | K87: =I87*J87 -> 3160000000 | L87: 1 | M87: 20000000 | N87: =L87*M87 -> 20000000 | O87: =N87/K87 -> 0.0063291139
E88: 2) | F88: Ada huruf dibelakang angka | I88: 895 | J88: 15000000 | K88: =I88*J88 -> 13425000000 | L88: 85 | M88: 15000000 | N88: =L88*M88 -> 1275000000 | O88: =N88/K88 -> 0.094972067
D89: b. | E89: NRKB Pilihan untuk 2 (dua) angka | I89: 2383 | K89: =SUM(K90:K91) -> 25435000000 | L89: =SUM(L90:L91) -> 144 | N89: =SUM(N90:N91) -> 1475000000 | O89: =N89/K89 -> 0.057990957
E90: 1) | F90: Tidak ada huruf dibelakang angka (blank) | I90: 321 | J90: 15000000 | K90: =I90*J90 -> 4815000000 | L90: 7 | M90: 15000000 | N90: =L90*M90 -> 105000000 | O90: =N90/K90 -> 0.021806854
E91: 2) | F91: Ada huruf dibelakang angka | I91: 2062 | J91: 10000000 | K91: =I91*J91 -> 20620000000 | L91: 137 | M91: 10000000 | N91: =L91*M91 -> 1370000000 | O91: =N91/K91 -> 0.066440349
D92: c. | E92: NRKB Pilihan untuk 3 (tiga) angka | I92: 4609 | K92: =SUM(K93:K94) -> 35915000000 | L92: =SUM(L93:L94) -> 355 | N92: =SUM(N93:N94) -> 2717500000 | O92: =N92/K92 -> 0.075664764
E93: 1) | F93: Tidak ada huruf dibelakang angka (blank) | I93: 539 | J93: 10000000 | K93: =I93*J93 -> 5390000000 | L93: 22 | M93: 10000000 | N93: =L93*M93 -> 220000000 | O93: =N93/K93 -> 0.040816327
E94: 2) | F94: Ada huruf dibelakang angka | I94: 4070 | J94: 7500000 | K94: =I94*J94 -> 30525000000 | L94: 333 | M94: 7500000 | N94: =L94*M94 -> 2497500000 | O94: =N94/K94 -> 0.081818182
D95: d. | E95: NRKB Pilihan untuk 4 (empat) angka | I95: 3955 | K95: =SUM(K96:K97) -> 21565000000 | L95: =SUM(L96:L97) -> 100 | N95: =SUM(N96:N97) -> 590000000 | O95: =N95/K95 -> 0.027359147
E96: 1) | F96: Tidak ada huruf dibelakang angka (blank) | I96: 716 | J96: 7500000 | K96: =I96*J96 -> 5370000000 | L96: 36 | M96: 7500000 | N96: =L96*M96 -> 270000000 | O96: =N96/K96 -> 0.05027933
E97: 2) | F97: Ada huruf dibelakang angka | I97: 3239 | J97: 5000000 | K97: =I97*J97 -> 16195000000 | L97: 64 | M97: 5000000 | N97: =L97*M97 -> 320000000 | O97: =N97/K97 -> 0.019759185
C99: TOTAL TARGET | I99: =SUM(I13,I24,I35,I37,I45,I49,I53,I57,I65,I69,I77,I85) -> 19337001 | K99: =SUM(K13,K24,K35,K37,K45,K49,K53,K57,K65,K69,K77,K85) -> 2210588370000 | L99: =SUM(L13,L24,L35,L37,L45,L49,L53,L57,L65,L69,L77,L85) -> 862878 | N99: =SUM(N13,N24,N35,N37,N45,N49,N53,N57,N65,N69,N77,N85) -> 98423535000 | O99: =N99/K99 -> 0.044523683

Sheet OKT
B6: REALISASI TARGET PNBP T.A. 2026
B7: BULAN OKTOBER T.A. 2026
B10: NO | C10: JENIS PENERIMAAN | I10: DATA TARGET | L10: REALISASI | O10: PROSENTASE
I11: VOLUME | J11: TARIF | K11: TARGET (Rp.) | L11: VOLUME | M11: TARIF | N11: REALISASI (Rp.)
B12: 1 | C12: 2 | I12: 3 | J12: 4 | K12: 5 | L12: 3 | M12: 4 | N12: 5 | O12: 6
C13: 1 | D13: Pengujian untuk penerbitan Surat Izin Mengemudi (SIM) baru | I13: 1002980 | K13: =SUM(K14:K22) -> 106956030000 | L13: =SUM(L14:L22) -> 0 | N13: =SUM(N14:N22) -> 0 | O13: =N13/K13 -> 0
D14: a. | E14: Penerbitan SIM A | I14: 294130 | J14: 120000 | K14: =I14*J14 -> 35295600000 | M14: 120000 | N14: =L14*M14 -> 0 | O14: =N14/K14 -> 0
D15: b. | E15: Penerbitan SIM B I | I15: 30304 | J15: 120000 | K15: =I15*J15 -> 3636480000 | M15: 120000 | N15: =L15*M15 -> 0 | O15: =N15/K15 -> 0
D16: c. | E16: Penerbitan SIM B II | I16: 13370 | J16: 120000 | K16: =I16*J16 -> 1604400000 | M16: 120000 | N16: =L16*M16 -> 0 | O16: =N16/K16 -> 0
D17: d. | E17: Penerbitan SIM C | I17: 662649 | J17: 100000 | K17: =I17*J17 -> 66264900000 | M17: 100000 | N17: =L17*M17 -> 0 | O17: =N17/K17 -> 0
D18: e. | E18: Penerbitan SIM C I | I18: 299 | J18: 100000 | K18: =I18*J18 -> 29900000 | M18: 100000 | N18: =L18*M18 -> 0 | O18: =N18/K18 -> 0
D19: f. | E19: Penerbitan SIM C II | I19: 267 | J19: 100000 | K19: =I19*J19 -> 26700000 | M19: 100000 | N19: =L19*M19 -> 0 | O19: =N19/K19 -> 0
D20: g. | E20: Penerbitan SIM D | I20: 1925 | J20: 50000 | K20: =I20*J20 -> 96250000 | M20: 50000 | N20: =L20*M20 -> 0 | O20: =N20/K20 -> 0
D21: h. | E21: Penerbitan SIM D I | I21: 36 | J21: 50000 | K21: =I21*J21 -> 1800000 | M21: 50000 | N21: =L21*M21 -> 0 | O21: =N21/K21 -> 0
D22: i. | E22: Pembuatan SIM International | I22: 0 | J22: 250000 | K22: =I22*J22 -> 0 | M22: 250000 | N22: =L22*M22 -> 0 | O22: =N22/K22 -> #DIV/0!
C24: 2 | D24: Penerbitan Perpanjangan Surat Izin Mengemudi (SIM) | I24: 1997021 | K24: =SUM(K25:K33) -> 153240870000 | L24: =SUM(L25:L33) -> 0 | N24: =SUM(N25:N33) -> 0 | O24: =N24/K24 -> 0
D25: a. | E25: Penerbitan SIM A | I25: 596792 | J25: 80000 | K25: =I25*J25 -> 47743360000 | M25: 80000 | N25: =L25*M25 -> 0 | O25: =N25/K25 -> 0
D26: b. | E26: Penerbitan SIM B I | I26: 63576 | J26: 80000 | K26: =I26*J26 -> 5086080000 | M26: 80000 | N26: =L26*M26 -> 0 | O26: =N26/K26 -> 0
D27: c. | E27: Penerbitan SIM B II | I27: 35983 | J27: 80000 | K27: =I27*J27 -> 2878640000 | M27: 80000 | N27: =L27*M27 -> 0 | O27: =N27/K27 -> 0
D28: d. | E28: Penerbitan SIM C | I28: 1296381 | J28: 75000 | K28: =I28*J28 -> 97228575000 | M28: 75000 | N28: =L28*M28 -> 0 | O28: =N28/K28 -> 0
D29: e. | E29: Penerbitan SIM C I | I29: 3815 | J29: 75000 | K29: =I29*J29 -> 286125000 | M29: 75000 | N29: =L29*M29 -> 0 | O29: =N29/K29 -> 0
D30: f. | E30: Penerbitan SIM C II | I30: 86 | J30: 75000 | K30: =I30*J30 -> 6450000 | M30: 75000 | N30: =L30*M30 -> 0 | O30: =N30/K30 -> 0
D31: g. | E31: Penerbitan SIM D | I31: 360 | J31: 30000 | K31: =I31*J31 -> 10800000 | M31: 30000 | N31: =L31*M31 -> 0 | O31: =N31/K31 -> 0
D32: h. | E32: Penerbitan SIM D I | I32: 28 | J32: 30000 | K32: =I32*J32 -> 840000 | M32: 30000 | N32: =L32*M32 -> 0 | O32: =N32/K32 -> 0
D33: i. | E33: Penerbitan SIM Internasional | I33: 0 | J33: 225000 | K33: =I33*J33 -> 0 | M33: 225000 | N33: =L33*M33 -> 0
C35: 3 | D35: Penerbitan Surat Keterangan Uji Keterampilan Pengemudi (SKUKP) | I35: 100000 | J35: 50000 | K35: =I35*J35 -> 5000000000 | M35: 50000 | N35: =L35*M35 -> 0 | O35: =N35/K35 -> 0
C37: 4 | D37: Penerbitan Surat Tanda Nomor Kendaraan Bermotor (STNK) | I37: 6000000 | K37: =+K38+K41 -> 727309900000 | L37: =L38+L41 -> 0 | N37: =+N38+N41 -> 0 | O37: =N37/K37 -> 0
D38: a. | E38: Kendaraan Bermotor roda 2 atau roda 3 | I38: 4726901 | K38: =SUM(K39:K40) -> 472690100000 | L38: =SUM(L39:L40) -> 0 | N38: =SUM(N39:N40) -> 0 | O38: =N38/K38 -> 0
E39: 1) | F39: Baru | I39: 2267860 | J39: 100000 | K39: =I39*J39 -> 226786000000 | M39: 100000 | N39: =L39*M39 -> 0 | O39: =N39/K39 -> 0
E40: 2) | F40: Perpanjangan | I40: 2459041 | J40: 100000 | K40: =I40*J40 -> 245904100000 | M40: 100000 | N40: =L40*M40 -> 0 | O40: =N40/K40 -> 0
D41: b. | E41: Kendaraan bermotor roda 4 atau lebih | I41: 1273099 | K41: =SUM(K42:K43) -> 254619800000 | L41: =SUM(L42:L43) -> 0 | N41: =SUM(N42:N43) -> 0 | O41: =N41/K41 -> 0
E42: 1) | F42: Baru | I42: 626781 | J42: 200000 | K42: =I42*J42 -> 125356200000 | M42: 200000 | N42: =L42*M42 -> 0 | O42: =N42/K42 -> 0
E43: 2) | F43: Perpanjangan | I43: 646318 | J43: 200000 | K43: =I43*J43 -> 129263600000 | M43: 200000 | N43: =L43*M43 -> 0 | O43: =N43/K43 -> 0
C45: 5 | D45: Penerbitan Tanda Nomor Kendaraan Bermotor (TNKB) | I45: 6000000 | K45: =SUM(K46,K47) -> 411586320000 | L45: =SUM(L46:L47) -> 0 | N45: =SUM(N46,N47) -> 0 | O45: =N45/K45 -> 0
D46: a. | E46: Kendaraan Bermotor Roda 2 atau 3 | I46: 4710342 | J46: 60000 | K46: =I46*J46 -> 282620520000 | M46: 60000 | N46: =L46*M46 -> 0 | O46: =N46/K46 -> 0
D47: b. | E47: Kendaraan Bermotor Roda 4 atau lebih | I47: 1289658 | J47: 100000 | K47: =I47*J47 -> 128965800000 | M47: 100000 | N47: =L47*M47 -> 0 | O47: =N47/K47 -> 0
C49: 6 | D49: Penerbitan Surat Tanda Coba Kendaraan Bermotor (STCK) | I49: 1500000 | K49: =SUM(K50:K51) -> 43861750000 | L49: =SUM(L50:L51) -> 0 | N49: =SUM(N50:N51) -> 0 | O49: =N49/K49 -> 0
D50: a. | E50: Kendaraan Bermotor Roda 2 atau 3 | I50: 1245530 | J50: 25000 | K50: =I50*J50 -> 31138250000 | M50: 25000 | N50: =L50*M50 -> 0 | O50: =N50/K50 -> 0
D51: b. | E51: Kendaraan Bermotor Roda 4 atau lebih | I51: 254470 | J51: 50000 | K51: =I51*J51 -> 12723500000 | M51: 50000 | N51: =L51*M51 -> 0 | O51: =N51/K51 -> 0
C53: 7 | D53: Penerbitan Tanda Coba Kendaraan Bermotor (TCKB) | I53: 75000 | K53: =SUM(K54:K55) -> 5024800000 | L53: =SUM(L54:L55) -> 0 | N53: =SUM(N54:N55) -> 0 | O53: =N53/K53 -> 0
D54: a. | E54: Kendaraan Bermotor Roda 2 atau 3 | I54: 61880 | J54: 60000 | K54: =I54*J54 -> 3712800000 | M54: 60000 | N54: =L54*M54 -> 0 | O54: =N54/K54 -> 0
D55: b. | E55: Kendaraan Bermotor Roda 4 atau lebih | I55: 13120 | J55: 100000 | K55: =I55*J55 -> 1312000000 | M55: 100000 | N55: =L55*M55 -> 0 | O55: =N55/K55 -> 0
C57: 8 | D57: Penerbitan Buku Pemilik Kendaraan Bermotor (BPKB) | I57: 2400000 | K57: =+K58+K61 -> 607771500000 | L57: =+L58+L61 -> 0 | N57: =+N58+N61 -> 0 | O57: =N57/K57 -> 0
D58: a. | E58: Kendaraan Bermotor roda 2 atau roda 3 | I58: 1948190 | K58: =K59+K60 -> 438342750000 | L58: =L59+L60 -> 0 | N58: =N59+N60 -> 0 | O58: =N58/K58 -> 0
E59: 1) | F59: Baru | I59: 1619192 | J59: 225000 | K59: =I59*J59 -> 364318200000 | M59: 225000 | N59: =L59*M59 -> 0 | O59: =N59/K59 -> 0
E60: 2) | F60: Ganti Kepemilikan | I60: 328998 | J60: 225000 | K60: =I60*J60 -> 74024550000 | M60: 225000 | N60: =L60*M60 -> 0 | O60: =N60/K60 -> 0
D61: b. | E61: Kendaraan Bermotor Roda 4 atau lebih | I61: 451810 | K61: =K62+K63 -> 169428750000 | L61: =L62+L63 -> 0 | N61: =N62+N63 -> 0 | O61: =N61/K61 -> 0
E62: 1) | F62: Baru | I62: 319858 | J62: 375000 | K62: =I62*J62 -> 119946750000 | M62: 375000 | N62: =L62*M62 -> 0 | O62: =N62/K62 -> 0
E63: 2) | F63: Ganti Kepemilikan | I63: 131952 | J63: 375000 | K63: =I63*J63 -> 49482000000 | M63: 375000 | N63: =L63*M63 -> 0 | O63: =N63/K63 -> 0
C65: 9 | D65: Penerbitan Surat Mutasi Kendaraan Ke Luar Daerah | I65: 250000 | K65: =SUM(K66:K67) -> 50337200000 | L65: =SUM(L66:L67) -> 0 | N65: =SUM(N66:N67) -> 0 | O65: =N65/K65 -> 0
D66: a. | E66: Kendaraan Bermotor Roda 2 atau roda 3 | I66: 121628 | J66: 150000 | K66: =I66*J66 -> 18244200000 | M66: 150000 | N66: =L66*M66 -> 0 | O66: =N66/K66 -> 0
D67: b. | E67: Kendaraan Bermotor Roda 4 atau lebih | I67: 128372 | J67: 250000 | K67: =I67*J67 -> 32093000000 | M67: 250000 | N67: =L67*M67 -> 0 | O67: =N67/K67 -> 0
C69: 10 | D69: Penerbitan Surat Tanda Nomor Kendaraaan Bermotor Lintas Batas Negara (STNK-LBN) | I69: 0 | K69: =+K70+K73 -> 0 | L69: =+L70+L73 -> 0 | N69: =+N70+N73 -> 0 | O69: =N69/K69 -> #DIV/0!
D70: a. | E70: Kendaraan Bermotor Roda 2 atau roda 3 | I70: 0 | K70: =SUM(K71:K72) -> 0 | L70: =SUM(L71:L72) -> 0 | N70: =SUM(N71:N72) -> 0 | O70: =N70/K70 -> #DIV/0!
E71: 1) | F71: Baru | I71: 0 | J71: 100000 | K71: =I71*J71 -> 0 | L71: ='[1]L. MAT 09 STNKLBN'!G16 -> 0 | M71: 100000 | N71: =L71*M71 -> 0 | O71: =N71/K71 -> #DIV/0!
E72: 2) | F72: Perpanjangan | I72: 0 | J72: 100000 | K72: =I72*J72 -> 0 | L72: ='[1]L. MAT 09 STNKLBN'!I16 -> 0 | M72: 100000 | N72: =L72*M72 -> 0 | O72: =N72/K72 -> #DIV/0!
D73: b. | E73: Kendaraan Bermotor Roda 4 atau lebih | I73: 0 | K73: =SUM(K74:K75) -> 0 | L73: =SUM(L74:L75) -> 0 | N73: =SUM(N74:N75) -> 0 | O73: =N73/K73 -> #DIV/0!
E74: 1) | F74: Baru | I74: 0 | J74: 200000 | K74: =I74*J74 -> 0 | L74: ='[1]L. MAT 09 STNKLBN'!H16 -> 0 | M74: 200000 | N74: =L74*M74 -> 0 | O74: =N74/K74 -> #DIV/0!
E75: 2) | F75: Perpanjangan | I75: 0 | J75: 200000 | K75: =I75*J75 -> 0 | L75: ='[1]L. MAT 09 STNKLBN'!J16 -> 0 | M75: 200000 | N75: =L75*M75 -> 0 | O75: =N75/K75 -> #DIV/0!
C77: 11 | D77: Penerbitan Tanda Nomor Kendaraaan Bermotor Lintas Batas Negara (TNKB-LBN) | I77: 0 | K77: =K78+K81 -> 0 | L77: =L78+L81 -> 0 | N77: =N78+N81 -> 0 | O77: =N77/K77 -> #DIV/0!
D78: a. | E78: Kendaraan Bermotor Roda 2 atau roda 3 | I78: 0 | K78: =SUM(K79:K80) -> 0 | L78: =SUM(L79:L80) -> 0 | N78: =SUM(N79:N80) -> 0 | O78: =N78/K78 -> #DIV/0!
E79: 1) | F79: Baru | I79: 0 | J79: 100000 | K79: =I79*J79 -> 0 | L79: ='[1]L. MAT 10 TNKB LBN'!G16 -> 0 | M79: 100000 | N79: =L79*M79 -> 0 | O79: =N79/K79 -> #DIV/0!
E80: 2) | F80: Perpanjangan | J80: 100000 | K80: =I80*J80 -> 0 | L80: ='[1]L. MAT 10 TNKB LBN'!I16 -> 0 | M80: 100000 | N80: =L80*M80 -> 0 | O80: =N80/K80 -> #DIV/0!
D81: b. | E81: Kendaraan Bermotor Roda 4 atau lebih | I81: 0 | K81: =SUM(K82:K83) -> 0 | L81: =SUM(L82:L83) -> 0 | N81: =SUM(N82:N83) -> 0 | O81: =N81/K81 -> #DIV/0!
E82: 1) | F82: Baru | I82: 0 | J82: 200000 | K82: =I82*J82 -> 0 | L82: ='[1]L. MAT 10 TNKB LBN'!H16 -> 0 | M82: 200000 | N82: =L82*M82 -> 0 | O82: =N82/K82 -> #DIV/0!
E83: 2) | F83: Perpanjangan | I83: 0 | J83: 200000 | K83: =I83*J83 -> 0 | L83: ='[1]L. MAT 10 TNKB LBN'!J16 -> 0 | M83: 200000 | N83: =L83*M83 -> 0 | O83: =N83/K83 -> #DIV/0!
C85: 12 | D85: Penerbitan Nomor Register Kendaraan Bermotor (NRKB) Pilihan | I85: 12000 | K85: =+K86+K89+K92+K95 -> 99500000000 | L85: =+L86+L89+L92+L95 -> 0 | N85: =+N86+N89+N92+N95 -> 0 | O85: =N85/K85 -> 0
D86: a. | E86: NRKB Pilihan untuk kombinasi 1 (satu) angka | I86: 1053 | K86: =SUM(K87:K88) -> 16585000000 | L86: =SUM(L87:L88) -> 0 | N86: =SUM(N87:N88) -> 0 | O86: =N86/K86 -> 0
E87: 1) | F87: Tidak ada huruf dibelakang angka (blank) | I87: 158 | J87: 20000000 | K87: =I87*J87 -> 3160000000 | M87: 20000000 | N87: =L87*M87 -> 0 | O87: =N87/K87 -> 0
E88: 2) | F88: Ada huruf dibelakang angka | I88: 895 | J88: 15000000 | K88: =I88*J88 -> 13425000000 | M88: 15000000 | N88: =L88*M88 -> 0 | O88: =N88/K88 -> 0
D89: b. | E89: NRKB Pilihan untuk 2 (dua) angka | I89: 2383 | K89: =SUM(K90:K91) -> 25435000000 | L89: =SUM(L90:L91) -> 0 | N89: =SUM(N90:N91) -> 0 | O89: =N89/K89 -> 0
E90: 1) | F90: Tidak ada huruf dibelakang angka (blank) | I90: 321 | J90: 15000000 | K90: =I90*J90 -> 4815000000 | M90: 15000000 | N90: =L90*M90 -> 0 | O90: =N90/K90 -> 0
E91: 2) | F91: Ada huruf dibelakang angka | I91: 2062 | J91: 10000000 | K91: =I91*J91 -> 20620000000 | M91: 10000000 | N91: =L91*M91 -> 0 | O91: =N91/K91 -> 0
D92: c. | E92: NRKB Pilihan untuk 3 (tiga) angka | I92: 4609 | K92: =SUM(K93:K94) -> 35915000000 | L92: =SUM(L93:L94) -> 0 | N92: =SUM(N93:N94) -> 0 | O92: =N92/K92 -> 0
E93: 1) | F93: Tidak ada huruf dibelakang angka (blank) | I93: 539 | J93: 10000000 | K93: =I93*J93 -> 5390000000 | M93: 10000000 | N93: =L93*M93 -> 0 | O93: =N93/K93 -> 0
E94: 2) | F94: Ada huruf dibelakang angka | I94: 4070 | J94: 7500000 | K94: =I94*J94 -> 30525000000 | M94: 7500000 | N94: =L94*M94 -> 0 | O94: =N94/K94 -> 0
D95: d. | E95: NRKB Pilihan untuk 4 (empat) angka | I95: 3955 | K95: =SUM(K96:K97) -> 21565000000 | L95: =SUM(L96:L97) -> 0 | N95: =SUM(N96:N97) -> 0 | O95: =N95/K95 -> 0
E96: 1) | F96: Tidak ada huruf dibelakang angka (blank) | I96: 716 | J96: 7500000 | K96: =I96*J96 -> 5370000000 | M96: 7500000 | N96: =L96*M96 -> 0 | O96: =N96/K96 -> 0
E97: 2) | F97: Ada huruf dibelakang angka | I97: 3239 | J97: 5000000 | K97: =I97*J97 -> 16195000000 | M97: 5000000 | N97: =L97*M97 -> 0 | O97: =N97/K97 -> 0
C99: TOTAL TARGET | I99: =SUM(I13,I24,I35,I37,I45,I49,I53,I57,I65,I69,I77,I85) -> 19337001 | K99: =SUM(K13,K24,K35,K37,K45,K49,K53,K57,K65,K69,K77,K85) -> 2210588370000 | L99: =SUM(L13,L24,L35,L37,L45,L49,L53,L57,L65,L69,L77,L85) -> 0 | N99: =SUM(N13,N24,N35,N37,N45,N49,N53,N57,N65,N69,N77,N85) -> 0 | O99: =N99/K99 -> 0

Sheet NOV
B6: REALISASI TARGET PNBP T.A. 2026
B7: BULAN NOVEMBER T.A. 2026
B10: NO | C10: JENIS PENERIMAAN | I10: DATA TARGET | L10: REALISASI | O10: PROSENTASE
I11: VOLUME | J11: TARIF | K11: TARGET (Rp.) | L11: VOLUME | M11: TARIF | N11: REALISASI (Rp.)
B12: 1 | C12: 2 | I12: 3 | J12: 4 | K12: 5 | L12: 3 | M12: 4 | N12: 5 | O12: 6
C13: 1 | D13: Pengujian untuk penerbitan Surat Izin Mengemudi (SIM) baru | I13: 1002980 | K13: =SUM(K14:K22) -> 106956030000 | L13: =SUM(L14:L22) -> 0 | N13: =SUM(N14:N22) -> 0 | O13: =N13/K13 -> 0
D14: a. | E14: Penerbitan SIM A | I14: 294130 | J14: 120000 | K14: =I14*J14 -> 35295600000 | M14: 120000 | N14: =L14*M14 -> 0 | O14: =N14/K14 -> 0
D15: b. | E15: Penerbitan SIM B I | I15: 30304 | J15: 120000 | K15: =I15*J15 -> 3636480000 | M15: 120000 | N15: =L15*M15 -> 0 | O15: =N15/K15 -> 0
D16: c. | E16: Penerbitan SIM B II | I16: 13370 | J16: 120000 | K16: =I16*J16 -> 1604400000 | M16: 120000 | N16: =L16*M16 -> 0 | O16: =N16/K16 -> 0
D17: d. | E17: Penerbitan SIM C | I17: 662649 | J17: 100000 | K17: =I17*J17 -> 66264900000 | M17: 100000 | N17: =L17*M17 -> 0 | O17: =N17/K17 -> 0
D18: e. | E18: Penerbitan SIM C I | I18: 299 | J18: 100000 | K18: =I18*J18 -> 29900000 | M18: 100000 | N18: =L18*M18 -> 0 | O18: =N18/K18 -> 0
D19: f. | E19: Penerbitan SIM C II | I19: 267 | J19: 100000 | K19: =I19*J19 -> 26700000 | M19: 100000 | N19: =L19*M19 -> 0 | O19: =N19/K19 -> 0
D20: g. | E20: Penerbitan SIM D | I20: 1925 | J20: 50000 | K20: =I20*J20 -> 96250000 | M20: 50000 | N20: =L20*M20 -> 0 | O20: =N20/K20 -> 0
D21: h. | E21: Penerbitan SIM D I | I21: 36 | J21: 50000 | K21: =I21*J21 -> 1800000 | M21: 50000 | N21: =L21*M21 -> 0 | O21: =N21/K21 -> 0
D22: i. | E22: Pembuatan SIM International | I22: 0 | J22: 250000 | K22: =I22*J22 -> 0 | M22: 250000 | N22: =L22*M22 -> 0 | O22: =N22/K22 -> #DIV/0!
C24: 2 | D24: Penerbitan Perpanjangan Surat Izin Mengemudi (SIM) | I24: 1997021 | K24: =SUM(K25:K33) -> 153240870000 | L24: =SUM(L25:L33) -> 0 | N24: =SUM(N25:N33) -> 0 | O24: =N24/K24 -> 0
D25: a. | E25: Penerbitan SIM A | I25: 596792 | J25: 80000 | K25: =I25*J25 -> 47743360000 | M25: 80000 | N25: =L25*M25 -> 0 | O25: =N25/K25 -> 0
D26: b. | E26: Penerbitan SIM B I | I26: 63576 | J26: 80000 | K26: =I26*J26 -> 5086080000 | M26: 80000 | N26: =L26*M26 -> 0 | O26: =N26/K26 -> 0
D27: c. | E27: Penerbitan SIM B II | I27: 35983 | J27: 80000 | K27: =I27*J27 -> 2878640000 | M27: 80000 | N27: =L27*M27 -> 0 | O27: =N27/K27 -> 0
D28: d. | E28: Penerbitan SIM C | I28: 1296381 | J28: 75000 | K28: =I28*J28 -> 97228575000 | M28: 75000 | N28: =L28*M28 -> 0 | O28: =N28/K28 -> 0
D29: e. | E29: Penerbitan SIM C I | I29: 3815 | J29: 75000 | K29: =I29*J29 -> 286125000 | M29: 75000 | N29: =L29*M29 -> 0 | O29: =N29/K29 -> 0
D30: f. | E30: Penerbitan SIM C II | I30: 86 | J30: 75000 | K30: =I30*J30 -> 6450000 | M30: 75000 | N30: =L30*M30 -> 0 | O30: =N30/K30 -> 0
D31: g. | E31: Penerbitan SIM D | I31: 360 | J31: 30000 | K31: =I31*J31 -> 10800000 | M31: 30000 | N31: =L31*M31 -> 0 | O31: =N31/K31 -> 0
D32: h. | E32: Penerbitan SIM D I | I32: 28 | J32: 30000 | K32: =I32*J32 -> 840000 | M32: 30000 | N32: =L32*M32 -> 0 | O32: =N32/K32 -> 0
D33: i. | E33: Penerbitan SIM Internasional | I33: 0 | J33: 225000 | K33: =I33*J33 -> 0 | M33: 225000 | N33: =L33*M33 -> 0
C35: 3 | D35: Penerbitan Surat Keterangan Uji Keterampilan Pengemudi (SKUKP) | I35: 100000 | J35: 50000 | K35: =I35*J35 -> 5000000000 | M35: 50000 | N35: =L35*M35 -> 0 | O35: =N35/K35 -> 0
C37: 4 | D37: Penerbitan Surat Tanda Nomor Kendaraan Bermotor (STNK) | I37: 6000000 | K37: =+K38+K41 -> 727309900000 | L37: =L38+L41 -> 0 | N37: =+N38+N41 -> 0 | O37: =N37/K37 -> 0
D38: a. | E38: Kendaraan Bermotor roda 2 atau roda 3 | I38: 4726901 | K38: =SUM(K39:K40) -> 472690100000 | L38: =SUM(L39:L40) -> 0 | N38: =SUM(N39:N40) -> 0 | O38: =N38/K38 -> 0
E39: 1) | F39: Baru | I39: 2267860 | J39: 100000 | K39: =I39*J39 -> 226786000000 | M39: 100000 | N39: =L39*M39 -> 0 | O39: =N39/K39 -> 0
E40: 2) | F40: Perpanjangan | I40: 2459041 | J40: 100000 | K40: =I40*J40 -> 245904100000 | M40: 100000 | N40: =L40*M40 -> 0 | O40: =N40/K40 -> 0
D41: b. | E41: Kendaraan bermotor roda 4 atau lebih | I41: 1273099 | K41: =SUM(K42:K43) -> 254619800000 | L41: =SUM(L42:L43) -> 0 | N41: =SUM(N42:N43) -> 0 | O41: =N41/K41 -> 0
E42: 1) | F42: Baru | I42: 626781 | J42: 200000 | K42: =I42*J42 -> 125356200000 | M42: 200000 | N42: =L42*M42 -> 0 | O42: =N42/K42 -> 0
E43: 2) | F43: Perpanjangan | I43: 646318 | J43: 200000 | K43: =I43*J43 -> 129263600000 | M43: 200000 | N43: =L43*M43 -> 0 | O43: =N43/K43 -> 0
C45: 5 | D45: Penerbitan Tanda Nomor Kendaraan Bermotor (TNKB) | I45: 6000000 | K45: =SUM(K46,K47) -> 411586320000 | L45: =SUM(L46:L47) -> 0 | N45: =SUM(N46,N47) -> 0 | O45: =N45/K45 -> 0
D46: a. | E46: Kendaraan Bermotor Roda 2 atau 3 | I46: 4710342 | J46: 60000 | K46: =I46*J46 -> 282620520000 | M46: 60000 | N46: =L46*M46 -> 0 | O46: =N46/K46 -> 0
D47: b. | E47: Kendaraan Bermotor Roda 4 atau lebih | I47: 1289658 | J47: 100000 | K47: =I47*J47 -> 128965800000 | M47: 100000 | N47: =L47*M47 -> 0 | O47: =N47/K47 -> 0
C49: 6 | D49: Penerbitan Surat Tanda Coba Kendaraan Bermotor (STCK) | I49: 1500000 | K49: =SUM(K50:K51) -> 43861750000 | L49: =SUM(L50:L51) -> 0 | N49: =SUM(N50:N51) -> 0 | O49: =N49/K49 -> 0
D50: a. | E50: Kendaraan Bermotor Roda 2 atau 3 | I50: 1245530 | J50: 25000 | K50: =I50*J50 -> 31138250000 | M50: 25000 | N50: =L50*M50 -> 0 | O50: =N50/K50 -> 0
D51: b. | E51: Kendaraan Bermotor Roda 4 atau lebih | I51: 254470 | J51: 50000 | K51: =I51*J51 -> 12723500000 | M51: 50000 | N51: =L51*M51 -> 0 | O51: =N51/K51 -> 0
C53: 7 | D53: Penerbitan Tanda Coba Kendaraan Bermotor (TCKB) | I53: 75000 | K53: =SUM(K54:K55) -> 5024800000 | L53: =SUM(L54:L55) -> 0 | N53: =SUM(N54:N55) -> 0 | O53: =N53/K53 -> 0
D54: a. | E54: Kendaraan Bermotor Roda 2 atau 3 | I54: 61880 | J54: 60000 | K54: =I54*J54 -> 3712800000 | M54: 60000 | N54: =L54*M54 -> 0 | O54: =N54/K54 -> 0
D55: b. | E55: Kendaraan Bermotor Roda 4 atau lebih | I55: 13120 | J55: 100000 | K55: =I55*J55 -> 1312000000 | M55: 100000 | N55: =L55*M55 -> 0 | O55: =N55/K55 -> 0
C57: 8 | D57: Penerbitan Buku Pemilik Kendaraan Bermotor (BPKB) | I57: 2400000 | K57: =+K58+K61 -> 607771500000 | L57: =+L58+L61 -> 0 | N57: =+N58+N61 -> 0 | O57: =N57/K57 -> 0
D58: a. | E58: Kendaraan Bermotor roda 2 atau roda 3 | I58: 1948190 | K58: =K59+K60 -> 438342750000 | L58: =L59+L60 -> 0 | N58: =N59+N60 -> 0 | O58: =N58/K58 -> 0
E59: 1) | F59: Baru | I59: 1619192 | J59: 225000 | K59: =I59*J59 -> 364318200000 | M59: 225000 | N59: =L59*M59 -> 0 | O59: =N59/K59 -> 0
E60: 2) | F60: Ganti Kepemilikan | I60: 328998 | J60: 225000 | K60: =I60*J60 -> 74024550000 | M60: 225000 | N60: =L60*M60 -> 0 | O60: =N60/K60 -> 0
D61: b. | E61: Kendaraan Bermotor Roda 4 atau lebih | I61: 451810 | K61: =K62+K63 -> 169428750000 | L61: =L62+L63 -> 0 | N61: =N62+N63 -> 0 | O61: =N61/K61 -> 0
E62: 1) | F62: Baru | I62: 319858 | J62: 375000 | K62: =I62*J62 -> 119946750000 | M62: 375000 | N62: =L62*M62 -> 0 | O62: =N62/K62 -> 0
E63: 2) | F63: Ganti Kepemilikan | I63: 131952 | J63: 375000 | K63: =I63*J63 -> 49482000000 | M63: 375000 | N63: =L63*M63 -> 0 | O63: =N63/K63 -> 0
C65: 9 | D65: Penerbitan Surat Mutasi Kendaraan Ke Luar Daerah | I65: 250000 | K65: =SUM(K66:K67) -> 50337200000 | L65: =SUM(L66:L67) -> 0 | N65: =SUM(N66:N67) -> 0 | O65: =N65/K65 -> 0
D66: a. | E66: Kendaraan Bermotor Roda 2 atau roda 3 | I66: 121628 | J66: 150000 | K66: =I66*J66 -> 18244200000 | M66: 150000 | N66: =L66*M66 -> 0 | O66: =N66/K66 -> 0
D67: b. | E67: Kendaraan Bermotor Roda 4 atau lebih | I67: 128372 | J67: 250000 | K67: =I67*J67 -> 32093000000 | M67: 250000 | N67: =L67*M67 -> 0 | O67: =N67/K67 -> 0
C69: 10 | D69: Penerbitan Surat Tanda Nomor Kendaraaan Bermotor Lintas Batas Negara (STNK-LBN) | I69: 0 | K69: =+K70+K73 -> 0 | L69: =+L70+L73 -> 0 | N69: =+N70+N73 -> 0 | O69: =N69/K69 -> #DIV/0!
D70: a. | E70: Kendaraan Bermotor Roda 2 atau roda 3 | I70: 0 | K70: =SUM(K71:K72) -> 0 | L70: =SUM(L71:L72) -> 0 | N70: =SUM(N71:N72) -> 0 | O70: =N70/K70 -> #DIV/0!
E71: 1) | F71: Baru | I71: 0 | J71: 100000 | K71: =I71*J71 -> 0 | L71: ='[1]L. MAT 09 STNKLBN'!G16 -> 0 | M71: 100000 | N71: =L71*M71 -> 0 | O71: =N71/K71 -> #DIV/0!
E72: 2) | F72: Perpanjangan | I72: 0 | J72: 100000 | K72: =I72*J72 -> 0 | L72: ='[1]L. MAT 09 STNKLBN'!I16 -> 0 | M72: 100000 | N72: =L72*M72 -> 0 | O72: =N72/K72 -> #DIV/0!
D73: b. | E73: Kendaraan Bermotor Roda 4 atau lebih | I73: 0 | K73: =SUM(K74:K75) -> 0 | L73: =SUM(L74:L75) -> 0 | N73: =SUM(N74:N75) -> 0 | O73: =N73/K73 -> #DIV/0!
E74: 1) | F74: Baru | I74: 0 | J74: 200000 | K74: =I74*J74 -> 0 | L74: ='[1]L. MAT 09 STNKLBN'!H16 -> 0 | M74: 200000 | N74: =L74*M74 -> 0 | O74: =N74/K74 -> #DIV/0!
E75: 2) | F75: Perpanjangan | I75: 0 | J75: 200000 | K75: =I75*J75 -> 0 | L75: ='[1]L. MAT 09 STNKLBN'!J16 -> 0 | M75: 200000 | N75: =L75*M75 -> 0 | O75: =N75/K75 -> #DIV/0!
C77: 11 | D77: Penerbitan Tanda Nomor Kendaraaan Bermotor Lintas Batas Negara (TNKB-LBN) | I77: 0 | K77: =K78+K81 -> 0 | L77: =L78+L81 -> 0 | N77: =N78+N81 -> 0 | O77: =N77/K77 -> #DIV/0!
D78: a. | E78: Kendaraan Bermotor Roda 2 atau roda 3 | I78: 0 | K78: =SUM(K79:K80) -> 0 | L78: =SUM(L79:L80) -> 0 | N78: =SUM(N79:N80) -> 0 | O78: =N78/K78 -> #DIV/0!
E79: 1) | F79: Baru | I79: 0 | J79: 100000 | K79: =I79*J79 -> 0 | L79: ='[1]L. MAT 10 TNKB LBN'!G16 -> 0 | M79: 100000 | N79: =L79*M79 -> 0 | O79: =N79/K79 -> #DIV/0!
E80: 2) | F80: Perpanjangan | J80: 100000 | K80: =I80*J80 -> 0 | L80: ='[1]L. MAT 10 TNKB LBN'!I16 -> 0 | M80: 100000 | N80: =L80*M80 -> 0 | O80: =N80/K80 -> #DIV/0!
D81: b. | E81: Kendaraan Bermotor Roda 4 atau lebih | I81: 0 | K81: =SUM(K82:K83) -> 0 | L81: =SUM(L82:L83) -> 0 | N81: =SUM(N82:N83) -> 0 | O81: =N81/K81 -> #DIV/0!
E82: 1) | F82: Baru | I82: 0 | J82: 200000 | K82: =I82*J82 -> 0 | L82: ='[1]L. MAT 10 TNKB LBN'!H16 -> 0 | M82: 200000 | N82: =L82*M82 -> 0 | O82: =N82/K82 -> #DIV/0!
E83: 2) | F83: Perpanjangan | I83: 0 | J83: 200000 | K83: =I83*J83 -> 0 | L83: ='[1]L. MAT 10 TNKB LBN'!J16 -> 0 | M83: 200000 | N83: =L83*M83 -> 0 | O83: =N83/K83 -> #DIV/0!
C85: 12 | D85: Penerbitan Nomor Register Kendaraan Bermotor (NRKB) Pilihan | I85: 12000 | K85: =+K86+K89+K92+K95 -> 99500000000 | L85: =+L86+L89+L92+L95 -> 0 | N85: =+N86+N89+N92+N95 -> 0 | O85: =N85/K85 -> 0
D86: a. | E86: NRKB Pilihan untuk kombinasi 1 (satu) angka | I86: 1053 | K86: =SUM(K87:K88) -> 16585000000 | L86: =SUM(L87:L88) -> 0 | N86: =SUM(N87:N88) -> 0 | O86: =N86/K86 -> 0
E87: 1) | F87: Tidak ada huruf dibelakang angka (blank) | I87: 158 | J87: 20000000 | K87: =I87*J87 -> 3160000000 | M87: 20000000 | N87: =L87*M87 -> 0 | O87: =N87/K87 -> 0
E88: 2) | F88: Ada huruf dibelakang angka | I88: 895 | J88: 15000000 | K88: =I88*J88 -> 13425000000 | M88: 15000000 | N88: =L88*M88 -> 0 | O88: =N88/K88 -> 0
D89: b. | E89: NRKB Pilihan untuk 2 (dua) angka | I89: 2383 | K89: =SUM(K90:K91) -> 25435000000 | L89: =SUM(L90:L91) -> 0 | N89: =SUM(N90:N91) -> 0 | O89: =N89/K89 -> 0
E90: 1) | F90: Tidak ada huruf dibelakang angka (blank) | I90: 321 | J90: 15000000 | K90: =I90*J90 -> 4815000000 | M90: 15000000 | N90: =L90*M90 -> 0 | O90: =N90/K90 -> 0
E91: 2) | F91: Ada huruf dibelakang angka | I91: 2062 | J91: 10000000 | K91: =I91*J91 -> 20620000000 | M91: 10000000 | N91: =L91*M91 -> 0 | O91: =N91/K91 -> 0
D92: c. | E92: NRKB Pilihan untuk 3 (tiga) angka | I92: 4609 | K92: =SUM(K93:K94) -> 35915000000 | L92: =SUM(L93:L94) -> 0 | N92: =SUM(N93:N94) -> 0 | O92: =N92/K92 -> 0
E93: 1) | F93: Tidak ada huruf dibelakang angka (blank) | I93: 539 | J93: 10000000 | K93: =I93*J93 -> 5390000000 | M93: 10000000 | N93: =L93*M93 -> 0 | O93: =N93/K93 -> 0
E94: 2) | F94: Ada huruf dibelakang angka | I94: 4070 | J94: 7500000 | K94: =I94*J94 -> 30525000000 | M94: 7500000 | N94: =L94*M94 -> 0 | O94: =N94/K94 -> 0
D95: d. | E95: NRKB Pilihan untuk 4 (empat) angka | I95: 3955 | K95: =SUM(K96:K97) -> 21565000000 | L95: =SUM(L96:L97) -> 0 | N95: =SUM(N96:N97) -> 0 | O95: =N95/K95 -> 0
E96: 1) | F96: Tidak ada huruf dibelakang angka (blank) | I96: 716 | J96: 7500000 | K96: =I96*J96 -> 5370000000 | M96: 7500000 | N96: =L96*M96 -> 0 | O96: =N96/K96 -> 0
E97: 2) | F97: Ada huruf dibelakang angka | I97: 3239 | J97: 5000000 | K97: =I97*J97 -> 16195000000 | M97: 5000000 | N97: =L97*M97 -> 0 | O97: =N97/K97 -> 0
C99: TOTAL TARGET | I99: =SUM(I13,I24,I35,I37,I45,I49,I53,I57,I65,I69,I77,I85) -> 19337001 | K99: =SUM(K13,K24,K35,K37,K45,K49,K53,K57,K65,K69,K77,K85) -> 2210588370000 | L99: =SUM(L13,L24,L35,L37,L45,L49,L53,L57,L65,L69,L77,L85) -> 0 | N99: =SUM(N13,N24,N35,N37,N45,N49,N53,N57,N65,N69,N77,N85) -> 0 | O99: =N99/K99 -> 0

Sheet DES
B6: REALISASI TARGET PNBP T.A. 2026
B7: BULAN DESEMBER T.A. 2026
B10: NO | C10: JENIS PENERIMAAN | I10: DATA TARGET | L10: REALISASI | O10: PROSENTASE
I11: VOLUME | J11: TARIF | K11: TARGET (Rp.) | L11: VOLUME | M11: TARIF | N11: REALISASI (Rp.)
B12: 1 | C12: 2 | I12: 3 | J12: 4 | K12: 5 | L12: 3 | M12: 4 | N12: 5 | O12: 6
C13: 1 | D13: Pengujian untuk penerbitan Surat Izin Mengemudi (SIM) baru | I13: 1002980 | K13: =SUM(K14:K22) -> 106956030000 | L13: =SUM(L14:L22) -> 0 | N13: =SUM(N14:N22) -> 0 | O13: =N13/K13 -> 0
D14: a. | E14: Penerbitan SIM A | I14: 294130 | J14: 120000 | K14: =I14*J14 -> 35295600000 | M14: 120000 | N14: =L14*M14 -> 0 | O14: =N14/K14 -> 0
D15: b. | E15: Penerbitan SIM B I | I15: 30304 | J15: 120000 | K15: =I15*J15 -> 3636480000 | M15: 120000 | N15: =L15*M15 -> 0 | O15: =N15/K15 -> 0
D16: c. | E16: Penerbitan SIM B II | I16: 13370 | J16: 120000 | K16: =I16*J16 -> 1604400000 | M16: 120000 | N16: =L16*M16 -> 0 | O16: =N16/K16 -> 0
D17: d. | E17: Penerbitan SIM C | I17: 662649 | J17: 100000 | K17: =I17*J17 -> 66264900000 | M17: 100000 | N17: =L17*M17 -> 0 | O17: =N17/K17 -> 0
D18: e. | E18: Penerbitan SIM C I | I18: 299 | J18: 100000 | K18: =I18*J18 -> 29900000 | M18: 100000 | N18: =L18*M18 -> 0 | O18: =N18/K18 -> 0
D19: f. | E19: Penerbitan SIM C II | I19: 267 | J19: 100000 | K19: =I19*J19 -> 26700000 | M19: 100000 | N19: =L19*M19 -> 0 | O19: =N19/K19 -> 0
D20: g. | E20: Penerbitan SIM D | I20: 1925 | J20: 50000 | K20: =I20*J20 -> 96250000 | M20: 50000 | N20: =L20*M20 -> 0 | O20: =N20/K20 -> 0
D21: h. | E21: Penerbitan SIM D I | I21: 36 | J21: 50000 | K21: =I21*J21 -> 1800000 | M21: 50000 | N21: =L21*M21 -> 0 | O21: =N21/K21 -> 0
D22: i. | E22: Pembuatan SIM International | I22: 0 | J22: 250000 | K22: =I22*J22 -> 0 | M22: 250000 | N22: =L22*M22 -> 0 | O22: =N22/K22 -> #DIV/0!
C24: 2 | D24: Penerbitan Perpanjangan Surat Izin Mengemudi (SIM) | I24: 1997021 | K24: =SUM(K25:K33) -> 153240870000 | L24: =SUM(L25:L33) -> 0 | N24: =SUM(N25:N33) -> 0 | O24: =N24/K24 -> 0
D25: a. | E25: Penerbitan SIM A | I25: 596792 | J25: 80000 | K25: =I25*J25 -> 47743360000 | M25: 80000 | N25: =L25*M25 -> 0 | O25: =N25/K25 -> 0
D26: b. | E26: Penerbitan SIM B I | I26: 63576 | J26: 80000 | K26: =I26*J26 -> 5086080000 | M26: 80000 | N26: =L26*M26 -> 0 | O26: =N26/K26 -> 0
D27: c. | E27: Penerbitan SIM B II | I27: 35983 | J27: 80000 | K27: =I27*J27 -> 2878640000 | M27: 80000 | N27: =L27*M27 -> 0 | O27: =N27/K27 -> 0
D28: d. | E28: Penerbitan SIM C | I28: 1296381 | J28: 75000 | K28: =I28*J28 -> 97228575000 | M28: 75000 | N28: =L28*M28 -> 0 | O28: =N28/K28 -> 0
D29: e. | E29: Penerbitan SIM C I | I29: 3815 | J29: 75000 | K29: =I29*J29 -> 286125000 | M29: 75000 | N29: =L29*M29 -> 0 | O29: =N29/K29 -> 0
D30: f. | E30: Penerbitan SIM C II | I30: 86 | J30: 75000 | K30: =I30*J30 -> 6450000 | M30: 75000 | N30: =L30*M30 -> 0 | O30: =N30/K30 -> 0
D31: g. | E31: Penerbitan SIM D | I31: 360 | J31: 30000 | K31: =I31*J31 -> 10800000 | M31: 30000 | N31: =L31*M31 -> 0 | O31: =N31/K31 -> 0
D32: h. | E32: Penerbitan SIM D I | I32: 28 | J32: 30000 | K32: =I32*J32 -> 840000 | M32: 30000 | N32: =L32*M32 -> 0 | O32: =N32/K32 -> 0
D33: i. | E33: Penerbitan SIM Internasional | I33: 0 | J33: 225000 | K33: =I33*J33 -> 0 | M33: 225000 | N33: =L33*M33 -> 0
C35: 3 | D35: Penerbitan Surat Keterangan Uji Keterampilan Pengemudi (SKUKP) | I35: 100000 | J35: 50000 | K35: =I35*J35 -> 5000000000 | M35: 50000 | N35: =L35*M35 -> 0 | O35: =N35/K35 -> 0
C37: 4 | D37: Penerbitan Surat Tanda Nomor Kendaraan Bermotor (STNK) | I37: 6000000 | K37: =+K38+K41 -> 727309900000 | L37: =L38+L41 -> 0 | N37: =+N38+N41 -> 0 | O37: =N37/K37 -> 0
D38: a. | E38: Kendaraan Bermotor roda 2 atau roda 3 | I38: 4726901 | K38: =SUM(K39:K40) -> 472690100000 | L38: =SUM(L39:L40) -> 0 | N38: =SUM(N39:N40) -> 0 | O38: =N38/K38 -> 0
E39: 1) | F39: Baru | I39: 2267860 | J39: 100000 | K39: =I39*J39 -> 226786000000 | M39: 100000 | N39: =L39*M39 -> 0 | O39: =N39/K39 -> 0
E40: 2) | F40: Perpanjangan | I40: 2459041 | J40: 100000 | K40: =I40*J40 -> 245904100000 | M40: 100000 | N40: =L40*M40 -> 0 | O40: =N40/K40 -> 0
D41: b. | E41: Kendaraan bermotor roda 4 atau lebih | I41: 1273099 | K41: =SUM(K42:K43) -> 254619800000 | L41: =SUM(L42:L43) -> 0 | N41: =SUM(N42:N43) -> 0 | O41: =N41/K41 -> 0
E42: 1) | F42: Baru | I42: 626781 | J42: 200000 | K42: =I42*J42 -> 125356200000 | M42: 200000 | N42: =L42*M42 -> 0 | O42: =N42/K42 -> 0
E43: 2) | F43: Perpanjangan | I43: 646318 | J43: 200000 | K43: =I43*J43 -> 129263600000 | M43: 200000 | N43: =L43*M43 -> 0 | O43: =N43/K43 -> 0
C45: 5 | D45: Penerbitan Tanda Nomor Kendaraan Bermotor (TNKB) | I45: 6000000 | K45: =SUM(K46,K47) -> 411586320000 | L45: =SUM(L46:L47) -> 0 | N45: =SUM(N46,N47) -> 0 | O45: =N45/K45 -> 0
D46: a. | E46: Kendaraan Bermotor Roda 2 atau 3 | I46: 4710342 | J46: 60000 | K46: =I46*J46 -> 282620520000 | M46: 60000 | N46: =L46*M46 -> 0 | O46: =N46/K46 -> 0
D47: b. | E47: Kendaraan Bermotor Roda 4 atau lebih | I47: 1289658 | J47: 100000 | K47: =I47*J47 -> 128965800000 | M47: 100000 | N47: =L47*M47 -> 0 | O47: =N47/K47 -> 0
C49: 6 | D49: Penerbitan Surat Tanda Coba Kendaraan Bermotor (STCK) | I49: 1500000 | K49: =SUM(K50:K51) -> 43861750000 | L49: =SUM(L50:L51) -> 0 | N49: =SUM(N50:N51) -> 0 | O49: =N49/K49 -> 0
D50: a. | E50: Kendaraan Bermotor Roda 2 atau 3 | I50: 1245530 | J50: 25000 | K50: =I50*J50 -> 31138250000 | M50: 25000 | N50: =L50*M50 -> 0 | O50: =N50/K50 -> 0
D51: b. | E51: Kendaraan Bermotor Roda 4 atau lebih | I51: 254470 | J51: 50000 | K51: =I51*J51 -> 12723500000 | M51: 50000 | N51: =L51*M51 -> 0 | O51: =N51/K51 -> 0
C53: 7 | D53: Penerbitan Tanda Coba Kendaraan Bermotor (TCKB) | I53: 75000 | K53: =SUM(K54:K55) -> 5024800000 | L53: =SUM(L54:L55) -> 0 | N53: =SUM(N54:N55) -> 0 | O53: =N53/K53 -> 0
D54: a. | E54: Kendaraan Bermotor Roda 2 atau 3 | I54: 61880 | J54: 60000 | K54: =I54*J54 -> 3712800000 | M54: 60000 | N54: =L54*M54 -> 0 | O54: =N54/K54 -> 0
D55: b. | E55: Kendaraan Bermotor Roda 4 atau lebih | I55: 13120 | J55: 100000 | K55: =I55*J55 -> 1312000000 | M55: 100000 | N55: =L55*M55 -> 0 | O55: =N55/K55 -> 0
C57: 8 | D57: Penerbitan Buku Pemilik Kendaraan Bermotor (BPKB) | I57: 2400000 | K57: =+K58+K61 -> 607771500000 | L57: =+L58+L61 -> 0 | N57: =+N58+N61 -> 0 | O57: =N57/K57 -> 0
D58: a. | E58: Kendaraan Bermotor roda 2 atau roda 3 | I58: 1948190 | K58: =K59+K60 -> 438342750000 | L58: =L59+L60 -> 0 | N58: =N59+N60 -> 0 | O58: =N58/K58 -> 0
E59: 1) | F59: Baru | I59: 1619192 | J59: 225000 | K59: =I59*J59 -> 364318200000 | M59: 225000 | N59: =L59*M59 -> 0 | O59: =N59/K59 -> 0
E60: 2) | F60: Ganti Kepemilikan | I60: 328998 | J60: 225000 | K60: =I60*J60 -> 74024550000 | M60: 225000 | N60: =L60*M60 -> 0 | O60: =N60/K60 -> 0
D61: b. | E61: Kendaraan Bermotor Roda 4 atau lebih | I61: 451810 | K61: =K62+K63 -> 169428750000 | L61: =L62+L63 -> 0 | N61: =N62+N63 -> 0 | O61: =N61/K61 -> 0
E62: 1) | F62: Baru | I62: 319858 | J62: 375000 | K62: =I62*J62 -> 119946750000 | M62: 375000 | N62: =L62*M62 -> 0 | O62: =N62/K62 -> 0
E63: 2) | F63: Ganti Kepemilikan | I63: 131952 | J63: 375000 | K63: =I63*J63 -> 49482000000 | M63: 375000 | N63: =L63*M63 -> 0 | O63: =N63/K63 -> 0
C65: 9 | D65: Penerbitan Surat Mutasi Kendaraan Ke Luar Daerah | I65: 250000 | K65: =SUM(K66:K67) -> 50337200000 | L65: =SUM(L66:L67) -> 0 | N65: =SUM(N66:N67) -> 0 | O65: =N65/K65 -> 0
D66: a. | E66: Kendaraan Bermotor Roda 2 atau roda 3 | I66: 121628 | J66: 150000 | K66: =I66*J66 -> 18244200000 | M66: 150000 | N66: =L66*M66 -> 0 | O66: =N66/K66 -> 0
D67: b. | E67: Kendaraan Bermotor Roda 4 atau lebih | I67: 128372 | J67: 250000 | K67: =I67*J67 -> 32093000000 | M67: 250000 | N67: =L67*M67 -> 0 | O67: =N67/K67 -> 0
C69: 10 | D69: Penerbitan Surat Tanda Nomor Kendaraaan Bermotor Lintas Batas Negara (STNK-LBN) | I69: 0 | K69: =+K70+K73 -> 0 | L69: =+L70+L73 -> 0 | N69: =+N70+N73 -> 0 | O69: =N69/K69 -> #DIV/0!
D70: a. | E70: Kendaraan Bermotor Roda 2 atau roda 3 | I70: 0 | K70: =SUM(K71:K72) -> 0 | L70: =SUM(L71:L72) -> 0 | N70: =SUM(N71:N72) -> 0 | O70: =N70/K70 -> #DIV/0!
E71: 1) | F71: Baru | I71: 0 | J71: 100000 | K71: =I71*J71 -> 0 | L71: ='[1]L. MAT 09 STNKLBN'!G16 -> 0 | M71: 100000 | N71: =L71*M71 -> 0 | O71: =N71/K71 -> #DIV/0!
E72: 2) | F72: Perpanjangan | I72: 0 | J72: 100000 | K72: =I72*J72 -> 0 | L72: ='[1]L. MAT 09 STNKLBN'!I16 -> 0 | M72: 100000 | N72: =L72*M72 -> 0 | O72: =N72/K72 -> #DIV/0!
D73: b. | E73: Kendaraan Bermotor Roda 4 atau lebih | I73: 0 | K73: =SUM(K74:K75) -> 0 | L73: =SUM(L74:L75) -> 0 | N73: =SUM(N74:N75) -> 0 | O73: =N73/K73 -> #DIV/0!
E74: 1) | F74: Baru | I74: 0 | J74: 200000 | K74: =I74*J74 -> 0 | L74: ='[1]L. MAT 09 STNKLBN'!H16 -> 0 | M74: 200000 | N74: =L74*M74 -> 0 | O74: =N74/K74 -> #DIV/0!
E75: 2) | F75: Perpanjangan | I75: 0 | J75: 200000 | K75: =I75*J75 -> 0 | L75: ='[1]L. MAT 09 STNKLBN'!J16 -> 0 | M75: 200000 | N75: =L75*M75 -> 0 | O75: =N75/K75 -> #DIV/0!
C77: 11 | D77: Penerbitan Tanda Nomor Kendaraaan Bermotor Lintas Batas Negara (TNKB-LBN) | I77: 0 | K77: =K78+K81 -> 0 | L77: =L78+L81 -> 0 | N77: =N78+N81 -> 0 | O77: =N77/K77 -> #DIV/0!
D78: a. | E78: Kendaraan Bermotor Roda 2 atau roda 3 | I78: 0 | K78: =SUM(K79:K80) -> 0 | L78: =SUM(L79:L80) -> 0 | N78: =SUM(N79:N80) -> 0 | O78: =N78/K78 -> #DIV/0!
E79: 1) | F79: Baru | I79: 0 | J79: 100000 | K79: =I79*J79 -> 0 | L79: ='[1]L. MAT 10 TNKB LBN'!G16 -> 0 | M79: 100000 | N79: =L79*M79 -> 0 | O79: =N79/K79 -> #DIV/0!
E80: 2) | F80: Perpanjangan | J80: 100000 | K80: =I80*J80 -> 0 | L80: ='[1]L. MAT 10 TNKB LBN'!I16 -> 0 | M80: 100000 | N80: =L80*M80 -> 0 | O80: =N80/K80 -> #DIV/0!
D81: b. | E81: Kendaraan Bermotor Roda 4 atau lebih | I81: 0 | K81: =SUM(K82:K83) -> 0 | L81: =SUM(L82:L83) -> 0 | N81: =SUM(N82:N83) -> 0 | O81: =N81/K81 -> #DIV/0!
E82: 1) | F82: Baru | I82: 0 | J82: 200000 | K82: =I82*J82 -> 0 | L82: ='[1]L. MAT 10 TNKB LBN'!H16 -> 0 | M82: 200000 | N82: =L82*M82 -> 0 | O82: =N82/K82 -> #DIV/0!
E83: 2) | F83: Perpanjangan | I83: 0 | J83: 200000 | K83: =I83*J83 -> 0 | L83: ='[1]L. MAT 10 TNKB LBN'!J16 -> 0 | M83: 200000 | N83: =L83*M83 -> 0 | O83: =N83/K83 -> #DIV/0!
C85: 12 | D85: Penerbitan Nomor Register Kendaraan Bermotor (NRKB) Pilihan | I85: 12000 | K85: =+K86+K89+K92+K95 -> 99500000000 | L85: =+L86+L89+L92+L95 -> 0 | N85: =+N86+N89+N92+N95 -> 0 | O85: =N85/K85 -> 0
D86: a. | E86: NRKB Pilihan untuk kombinasi 1 (satu) angka | I86: 1053 | K86: =SUM(K87:K88) -> 16585000000 | L86: =SUM(L87:L88) -> 0 | N86: =SUM(N87:N88) -> 0 | O86: =N86/K86 -> 0
E87: 1) | F87: Tidak ada huruf dibelakang angka (blank) | I87: 158 | J87: 20000000 | K87: =I87*J87 -> 3160000000 | M87: 20000000 | N87: =L87*M87 -> 0 | O87: =N87/K87 -> 0
E88: 2) | F88: Ada huruf dibelakang angka | I88: 895 | J88: 15000000 | K88: =I88*J88 -> 13425000000 | M88: 15000000 | N88: =L88*M88 -> 0 | O88: =N88/K88 -> 0
D89: b. | E89: NRKB Pilihan untuk 2 (dua) angka | I89: 2383 | K89: =SUM(K90:K91) -> 25435000000 | L89: =SUM(L90:L91) -> 0 | N89: =SUM(N90:N91) -> 0 | O89: =N89/K89 -> 0
E90: 1) | F90: Tidak ada huruf dibelakang angka (blank) | I90: 321 | J90: 15000000 | K90: =I90*J90 -> 4815000000 | M90: 15000000 | N90: =L90*M90 -> 0 | O90: =N90/K90 -> 0
E91: 2) | F91: Ada huruf dibelakang angka | I91: 2062 | J91: 10000000 | K91: =I91*J91 -> 20620000000 | M91: 10000000 | N91: =L91*M91 -> 0 | O91: =N91/K91 -> 0
D92: c. | E92: NRKB Pilihan untuk 3 (tiga) angka | I92: 4609 | K92: =SUM(K93:K94) -> 35915000000 | L92: =SUM(L93:L94) -> 0 | N92: =SUM(N93:N94) -> 0 | O92: =N92/K92 -> 0
E93: 1) | F93: Tidak ada huruf dibelakang angka (blank) | I93: 539 | J93: 10000000 | K93: =I93*J93 -> 5390000000 | M93: 10000000 | N93: =L93*M93 -> 0 | O93: =N93/K93 -> 0
E94: 2) | F94: Ada huruf dibelakang angka | I94: 4070 | J94: 7500000 | K94: =I94*J94 -> 30525000000 | M94: 7500000 | N94: =L94*M94 -> 0 | O94: =N94/K94 -> 0
D95: d. | E95: NRKB Pilihan untuk 4 (empat) angka | I95: 3955 | K95: =SUM(K96:K97) -> 21565000000 | L95: =SUM(L96:L97) -> 0 | N95: =SUM(N96:N97) -> 0 | O95: =N95/K95 -> 0
E96: 1) | F96: Tidak ada huruf dibelakang angka (blank) | I96: 716 | J96: 7500000 | K96: =I96*J96 -> 5370000000 | M96: 7500000 | N96: =L96*M96 -> 0 | O96: =N96/K96 -> 0
E97: 2) | F97: Ada huruf dibelakang angka | I97: 3239 | J97: 5000000 | K97: =I97*J97 -> 16195000000 | M97: 5000000 | N97: =L97*M97 -> 0 | O97: =N97/K97 -> 0
C99: TOTAL TARGET | I99: =SUM(I13,I24,I35,I37,I45,I49,I53,I57,I65,I69,I77,I85) -> 19337001 | K99: =SUM(K13,K24,K35,K37,K45,K49,K53,K57,K65,K69,K77,K85) -> 2210588370000 | L99: =SUM(L13,L24,L35,L37,L45,L49,L53,L57,L65,L69,L77,L85) -> 0 | N99: =SUM(N13,N24,N35,N37,N45,N49,N53,N57,N65,N69,N77,N85) -> 0 | O99: =N99/K99 -> 0

Sheet REKAP
B6: REALISASI TARGET PNBP T.A. 2026
B7: REKAP BULAN JANUARI-DESEMBER T.A. 2026
B10: NO | C10: JENIS PENERIMAAN | I10: DATA TARGET | L10: REALISASI | O10: PROSENTASE
I11: VOLUME | J11: TARIF | K11: TARGET (Rp.) | L11: VOLUME | M11: TARIF | N11: REALISASI (Rp.)
B12: 1 | C12: 2 | I12: 3 | J12: 4 | K12: 5 | L12: 3 | M12: 4 | N12: 5 | O12: 6
C13: 1 | D13: Pengujian untuk penerbitan Surat Izin Mengemudi (SIM) baru | I13: 1002980 | K13: =SUM(K14:K22) -> 106956030000 | L13: =SUM(L14:L22) -> 298257 | N13: =SUM(N14:N22) -> 32246670000 | O13: =N13/K13 -> 0.30149464
D14: a. | E14: Penerbitan SIM A | I14: 294130 | J14: 120000 | K14: =I14*J14 -> 35295600000 | L14: =JANUARI!L14+FEB!L14+MARET!L14+APRIL!L14+MEI!L14+JUNI!L14+JULI!L14+AGUSTUS!L14+SEPT!L14+OKT!L14+NOV!L14+DES!L14 -> 105307 | M14: 120000 | N14: =L14*M14 -> 12636840000 | O14: =N14/K14 -> 0.35802876
D15: b. | E15: Penerbitan SIM B I | I15: 30304 | J15: 120000 | K15: =I15*J15 -> 3636480000 | L15: =JANUARI!L15+FEB!L15+MARET!L15+APRIL!L15+MEI!L15+JUNI!L15+JULI!L15+AGUSTUS!L15+SEPT!L15+OKT!L15+NOV!L15+DES!L15 -> 11795 | M15: 120000 | N15: =L15*M15 -> 1415400000 | O15: =N15/K15 -> 0.38922254
D16: c. | E16: Penerbitan SIM B II | I16: 13370 | J16: 120000 | K16: =I16*J16 -> 1604400000 | L16: =JANUARI!L16+FEB!L16+MARET!L16+APRIL!L16+MEI!L16+JUNI!L16+JULI!L16+AGUSTUS!L16+SEPT!L16+OKT!L16+NOV!L16+DES!L16 -> 4139 | M16: 120000 | N16: =L16*M16 -> 496680000 | O16: =N16/K16 -> 0.30957367
D17: d. | E17: Penerbitan SIM C | I17: 662649 | J17: 100000 | K17: =I17*J17 -> 66264900000 | L17: =JANUARI!L17+FEB!L17+MARET!L17+APRIL!L17+MEI!L17+JUNI!L17+JULI!L17+AGUSTUS!L17+SEPT!L17+OKT!L17+NOV!L17+DES!L17 -> 176911 | M17: 100000 | N17: =L17*M17 -> 17691100000 | O17: =N17/K17 -> 0.26697543
D18: e. | E18: Penerbitan SIM C I | I18: 299 | J18: 100000 | K18: =I18*J18 -> 29900000 | L18: =JANUARI!L18+FEB!L18+MARET!L18+APRIL!L18+MEI!L18+JUNI!L18+JULI!L18+AGUSTUS!L18+SEPT!L18+OKT!L18+NOV!L18+DES!L18 -> 28 | M18: 100000 | N18: =L18*M18 -> 2800000 | O18: =N18/K18 -> 0.093645485
D19: f. | E19: Penerbitan SIM C II | I19: 267 | J19: 100000 | K19: =I19*J19 -> 26700000 | L19: =JANUARI!L19+FEB!L19+MARET!L19+APRIL!L19+MEI!L19+JUNI!L19+JULI!L19+AGUSTUS!L19+SEPT!L19+OKT!L19+NOV!L19+DES!L19 -> 0 | M19: 100000 | N19: =L19*M19 -> 0 | O19: =N19/K19 -> 0
D20: g. | E20: Penerbitan SIM D | I20: 1925 | J20: 50000 | K20: =I20*J20 -> 96250000 | L20: =JANUARI!L20+FEB!L20+MARET!L20+APRIL!L20+MEI!L20+JUNI!L20+JULI!L20+AGUSTUS!L20+SEPT!L20+OKT!L20+NOV!L20+DES!L20 -> 73 | M20: 50000 | N20: =L20*M20 -> 3650000 | O20: =N20/K20 -> 0.037922078
D21: h. | E21: Penerbitan SIM D I | I21: 36 | J21: 50000 | K21: =I21*J21 -> 1800000 | L21: =JANUARI!L21+FEB!L21+MARET!L21+APRIL!L21+MEI!L21+JUNI!L21+JULI!L21+AGUSTUS!L21+SEPT!L21+OKT!L21+NOV!L21+DES!L21 -> 4 | M21: 50000 | N21: =L21*M21 -> 200000 | O21: =N21/K21 -> 0.11111111
D22: i. | E22: Pembuatan SIM International | I22: 0 | J22: 250000 | K22: =I22*J22 -> 0 | L22: =JANUARI!L22+FEB!L22+MARET!L22+APRIL!L22+MEI!L22+JUNI!L22+JULI!L22+AGUSTUS!L22+SEPT!L22+OKT!L22+NOV!L22+DES!L22 -> 0 | M22: 250000 | N22: =L22*M22 -> 0 | O22: =N22/K22 -> #DIV/0!
C24: 2 | D24: Penerbitan Perpanjangan Surat Izin Mengemudi (SIM) | I24: 1997021 | K24: =SUM(K25:K33) -> 153240870000 | L24: =SUM(L25:L33) -> 1010978 | N24: =SUM(N25:N33) -> 77554795000 | O24: =N24/K24 -> 0.50609733
D25: a. | E25: Penerbitan SIM A | I25: 596792 | J25: 80000 | K25: =I25*J25 -> 47743360000 | L25: =JANUARI!L25+FEB!L25+MARET!L25+APRIL!L25+MEI!L25+JUNI!L25+JULI!L25+AGUSTUS!L25+SEPT!L25+OKT!L25+NOV!L25+DES!L25 -> 310241 | M25: 80000 | N25: =L25*M25 -> 24819280000 | O25: =N25/K25 -> 0.51984779
D26: b. | E26: Penerbitan SIM B I | I26: 63576 | J26: 80000 | K26: =I26*J26 -> 5086080000 | L26: =JANUARI!L26+FEB!L26+MARET!L26+APRIL!L26+MEI!L26+JUNI!L26+JULI!L26+AGUSTUS!L26+SEPT!L26+OKT!L26+NOV!L26+DES!L26 -> 22624 | M26: 80000 | N26: =L26*M26 -> 1809920000 | O26: =N26/K26 -> 0.35585756
D27: c. | E27: Penerbitan SIM B II | I27: 35983 | J27: 80000 | K27: =I27*J27 -> 2878640000 | L27: =JANUARI!L27+FEB!L27+MARET!L27+APRIL!L27+MEI!L27+JUNI!L27+JULI!L27+AGUSTUS!L27+SEPT!L27+OKT!L27+NOV!L27+DES!L27 -> 14333 | M27: 80000 | N27: =L27*M27 -> 1146640000 | O27: =N27/K27 -> 0.39832699
D28: d. | E28: Penerbitan SIM C | I28: 1296381 | J28: 75000 | K28: =I28*J28 -> 97228575000 | L28: =JANUARI!L28+FEB!L28+MARET!L28+APRIL!L28+MEI!L28+JUNI!L28+JULI!L28+AGUSTUS!L28+SEPT!L28+OKT!L28+NOV!L28+DES!L28 -> 663648 | M28: 75000 | N28: =L28*M28 -> 49773600000 | O28: =N28/K28 -> 0.51192358
D29: e. | E29: Penerbitan SIM C I | I29: 3815 | J29: 75000 | K29: =I29*J29 -> 286125000 | L29: =JANUARI!L29+FEB!L29+MARET!L29+APRIL!L29+MEI!L29+JUNI!L29+JULI!L29+AGUSTUS!L29+SEPT!L29+OKT!L29+NOV!L29+DES!L29 -> 29 | M29: 75000 | N29: =L29*M29 -> 2175000 | O29: =N29/K29 -> 0.0076015727
D30: f. | E30: Penerbitan SIM C II | I30: 86 | J30: 75000 | K30: =I30*J30 -> 6450000 | L30: =JANUARI!L30+FEB!L30+MARET!L30+APRIL!L30+MEI!L30+JUNI!L30+JULI!L30+AGUSTUS!L30+SEPT!L30+OKT!L30+NOV!L30+DES!L30 -> 2 | M30: 75000 | N30: =L30*M30 -> 150000 | O30: =N30/K30 -> 0.023255814
D31: g. | E31: Penerbitan SIM D | I31: 360 | J31: 30000 | K31: =I31*J31 -> 10800000 | L31: =JANUARI!L31+FEB!L31+MARET!L31+APRIL!L31+MEI!L31+JUNI!L31+JULI!L31+AGUSTUS!L31+SEPT!L31+OKT!L31+NOV!L31+DES!L31 -> 100 | M31: 30000 | N31: =L31*M31 -> 3000000 | O31: =N31/K31 -> 0.27777778
D32: h. | E32: Penerbitan SIM D I | I32: 28 | J32: 30000 | K32: =I32*J32 -> 840000 | L32: =JANUARI!L32+FEB!L32+MARET!L32+APRIL!L32+MEI!L32+JUNI!L32+JULI!L32+AGUSTUS!L32+SEPT!L32+OKT!L32+NOV!L32+DES!L32 -> 1 | M32: 30000 | N32: =L32*M32 -> 30000 | O32: =N32/K32 -> 0.035714286
D33: i. | E33: Penerbitan SIM Internasional | I33: 0 | J33: 225000 | K33: =I33*J33 -> 0 | L33: =JANUARI!L33+FEB!L33+MARET!L33+APRIL!L33+MEI!L33+JUNI!L33+JULI!L33+AGUSTUS!L33+SEPT!L33+OKT!L33+NOV!L33+DES!L33 -> 0 | M33: 225000 | N33: =L33*M33 -> 0
C35: 3 | D35: Penerbitan Surat Keterangan Uji Keterampilan Pengemudi (SKUKP) | I35: 100000 | J35: 50000 | K35: =I35*J35 -> 5000000000 | L35: =JANUARI!L35+FEB!L35+MARET!L35+APRIL!L35+MEI!L35+JUNI!L35+JULI!L35+AGUSTUS!L35+SEPT!L35+OKT!L35+NOV!L35+DES!L35 -> 53747 | M35: 50000 | N35: =L35*M35 -> 2687350000 | O35: =N35/K35 -> 0.53747
C37: 4 | D37: Penerbitan Surat Tanda Nomor Kendaraan Bermotor (STNK) | I37: 6000000 | K37: =+K38+K41 -> 727309900000 | L37: =+L38+L41 -> 2248491 | N37: =+N38+N41 -> 263333900000 | O37: =N37/K37 -> 0.36206561
D38: a. | E38: Kendaraan Bermotor roda 2 atau roda 3 | I38: 4726901 | K38: =SUM(K39:K40) -> 472690100000 | L38: =SUM(L39:L40) -> 1863643 | N38: =SUM(N39:N40) -> 186364300000 | O38: =N38/K38 -> 0.39426318
E39: 1) | F39: Baru | I39: 2267860 | J39: 100000 | K39: =I39*J39 -> 226786000000 | L39: =JANUARI!L39+FEB!L39+MARET!L39+APRIL!L39+MEI!L39+JUNI!L39+JULI!L39+AGUSTUS!L39+SEPT!L39+OKT!L39+NOV!L39+DES!L39 -> 487714 | M39: 100000 | N39: =L39*M39 -> 48771400000 | O39: =N39/K39 -> 0.21505472
E40: 2) | F40: Perpanjangan | I40: 2459041 | J40: 100000 | K40: =I40*J40 -> 245904100000 | L40: =JANUARI!L40+FEB!L40+MARET!L40+APRIL!L40+MEI!L40+JUNI!L40+JULI!L40+AGUSTUS!L40+SEPT!L40+OKT!L40+NOV!L40+DES!L40 -> 1375929 | M40: 100000 | N40: =L40*M40 -> 137592900000 | O40: =N40/K40 -> 0.55953886
D41: b. | E41: Kendaraan bermotor roda 4 atau lebih | I41: 1273099 | K41: =SUM(K42:K43) -> 254619800000 | L41: =SUM(L42:L43) -> 384848 | N41: =SUM(N42:N43) -> 76969600000 | O41: =N41/K41 -> 0.30229228
E42: 1) | F42: Baru | I42: 626781 | J42: 200000 | K42: =I42*J42 -> 125356200000 | L42: =JANUARI!L42+FEB!L42+MARET!L42+APRIL!L42+MEI!L42+JUNI!L42+JULI!L42+AGUSTUS!L42+SEPT!L42+OKT!L42+NOV!L42+DES!L42 -> 55157 | M42: 200000 | N42: =L42*M42 -> 11031400000 | O42: =N42/K42 -> 0.088000434
E43: 2) | F43: Perpanjangan | I43: 646318 | J43: 200000 | K43: =I43*J43 -> 129263600000 | L43: =JANUARI!L43+FEB!L43+MARET!L43+APRIL!L43+MEI!L43+JUNI!L43+JULI!L43+AGUSTUS!L43+SEPT!L43+OKT!L43+NOV!L43+DES!L43 -> 329691 | M43: 200000 | N43: =L43*M43 -> 65938200000 | O43: =N43/K43 -> 0.51010648
C45: 5 | D45: Penerbitan Tanda Nomor Kendaraan Bermotor (TNKB) | I45: 6000000 | K45: =SUM(K46,K47) -> 411586320000 | L45: =SUM(L46,L47) -> 2202190 | N45: =SUM(N46,N47) -> 147488800000 | O45: =N45/K45 -> 0.35834233
D46: a. | E46: Kendaraan Bermotor Roda 2 atau 3 | I46: 4710342 | J46: 60000 | K46: =I46*J46 -> 282620520000 | L46: =JANUARI!L46+FEB!L46+MARET!L46+APRIL!L46+MEI!L46+JUNI!L46+JULI!L46+AGUSTUS!L46+SEPT!L46+OKT!L46+NOV!L46+DES!L46 -> 1818255 | M46: 60000 | N46: =L46*M46 -> 109095300000 | O46: =N46/K46 -> 0.38601337
D47: b. | E47: Kendaraan Bermotor Roda 4 atau lebih | I47: 1289658 | J47: 100000 | K47: =I47*J47 -> 128965800000 | L47: =JANUARI!L47+FEB!L47+MARET!L47+APRIL!L47+MEI!L47+JUNI!L47+JULI!L47+AGUSTUS!L47+SEPT!L47+OKT!L47+NOV!L47+DES!L47 -> 383935 | M47: 100000 | N47: =L47*M47 -> 38393500000 | O47: =N47/K47 -> 0.29770296
C49: 6 | D49: Penerbitan Surat Tanda Coba Kendaraan Bermotor (STCK) | I49: 1500000 | K49: =SUM(K50:K51) -> 43861750000 | L49: =SUM(L50:L51) -> 546490 | N49: =SUM(N50:N51) -> 15130650000 | O49: =N49/K49 -> 0.3449623
D50: a. | E50: Kendaraan Bermotor Roda 2 atau 3 | I50: 1245530 | J50: 25000 | K50: =I50*J50 -> 31138250000 | L50: =JANUARI!L50+FEB!L50+MARET!L50+APRIL!L50+MEI!L50+JUNI!L50+JULI!L50+AGUSTUS!L50+SEPT!L50+OKT!L50+NOV!L50+DES!L50 -> 487754 | M50: 25000 | N50: =L50*M50 -> 12193850000 | O50: =N50/K50 -> 0.39160357
D51: b. | E51: Kendaraan Bermotor Roda 4 atau lebih | I51: 254470 | J51: 50000 | K51: =I51*J51 -> 12723500000 | L51: =JANUARI!L51+FEB!L51+MARET!L51+APRIL!L51+MEI!L51+JUNI!L51+JULI!L51+AGUSTUS!L51+SEPT!L51+OKT!L51+NOV!L51+DES!L51 -> 58736 | M51: 50000 | N51: =L51*M51 -> 2936800000 | O51: =N51/K51 -> 0.23081699
L52: =JANUARI!L44+FEB!L52+MARET!L52+APRIL!L52+MEI!L52+JUNI!L52+JULI!L52+AGUSTUS!L52+SEPT!L52+OKT!L52+NOV!L52+DES!L52 -> 0
C53: 7 | D53: Penerbitan Tanda Coba Kendaraan Bermotor (TCKB) | I53: 75000 | K53: =SUM(K54:K55) -> 5024800000 | L53: =SUM(L54:L55) -> 44018 | N53: =SUM(N54:N55) -> 3071880000 | O53: =N53/K53 -> 0.61134374
D54: a. | E54: Kendaraan Bermotor Roda 2 atau 3 | I54: 61880 | J54: 60000 | K54: =I54*J54 -> 3712800000 | L54: =JANUARI!L54+FEB!L54+MARET!L54+APRIL!L54+MEI!L54+JUNI!L54+JULI!L54+AGUSTUS!L54+SEPT!L54+OKT!L54+NOV!L54+DES!L54 -> 33248 | M54: 60000 | N54: =L54*M54 -> 1994880000 | O54: =N54/K54 -> 0.537298
D55: b. | E55: Kendaraan Bermotor Roda 4 atau lebih | I55: 13120 | J55: 100000 | K55: =I55*J55 -> 1312000000 | L55: =JANUARI!L55+FEB!L55+MARET!L55+APRIL!L55+MEI!L55+JUNI!L55+JULI!L55+AGUSTUS!L55+SEPT!L55+OKT!L55+NOV!L55+DES!L55 -> 10770 | M55: 100000 | N55: =L55*M55 -> 1077000000 | O55: =N55/K55 -> 0.82088415
C57: 8 | D57: Penerbitan Buku Pemilik Kendaraan Bermotor (BPKB) | I57: 2400000 | K57: =+K58+K61 -> 607771500000 | L57: =+L58+L61 -> 874179 | N57: =+N58+N61 -> 220344075000 | O57: =N57/K57 -> 0.36254427
D58: a. | E58: Kendaraan Bermotor roda 2 atau roda 3 | I58: 1948190 | K58: =K59+K60 -> 438342750000 | L58: =L59+L60 -> 716487 | N58: =N59+N60 -> 161209575000 | O58: =N58/K58 -> 0.3677706
E59: 1) | F59: Baru | I59: 1619192 | J59: 225000 | K59: =I59*J59 -> 364318200000 | L59: =JANUARI!L59+FEB!L59+MARET!L59+APRIL!L59+MEI!L59+JUNI!L59+JULI!L59+AGUSTUS!L59+SEPT!L59+OKT!L59+NOV!L59+DES!L59 -> 487857 | M59: 225000 | N59: =L59*M59 -> 109767825000 | O59: =N59/K59 -> 0.30129657
E60: 2) | F60: Ganti Kepemilikan | I60: 328998 | J60: 225000 | K60: =I60*J60 -> 74024550000 | L60: =JANUARI!L60+FEB!L60+MARET!L60+APRIL!L60+MEI!L60+JUNI!L60+JULI!L60+AGUSTUS!L60+SEPT!L60+OKT!L60+NOV!L60+DES!L60 -> 228630 | M60: 225000 | N60: =L60*M60 -> 51441750000 | O60: =N60/K60 -> 0.69492824
D61: b. | E61: Kendaraan Bermotor Roda 4 atau lebih | I61: 451810 | K61: =K62+K63 -> 169428750000 | L61: =L62+L63 -> 157692 | N61: =N62+N63 -> 59134500000 | O61: =N61/K61 -> 0.34902282
E62: 1) | F62: Baru | I62: 319858 | J62: 375000 | K62: =I62*J62 -> 119946750000 | L62: =JANUARI!L62+FEB!L62+MARET!L62+APRIL!L62+MEI!L62+JUNI!L62+JULI!L62+AGUSTUS!L62+SEPT!L62+OKT!L62+NOV!L62+DES!L62 -> 55184 | M62: 375000 | N62: =L62*M62 -> 20694000000 | O62: =N62/K62 -> 0.17252656
E63: 2) | F63: Ganti Kepemilikan | I63: 131952 | J63: 375000 | K63: =I63*J63 -> 49482000000 | L63: =JANUARI!L63+FEB!L63+MARET!L63+APRIL!L63+MEI!L63+JUNI!L63+JULI!L63+AGUSTUS!L63+SEPT!L63+OKT!L63+NOV!L63+DES!L63 -> 102508 | M63: 375000 | N63: =L63*M63 -> 38440500000 | O63: =N63/K63 -> 0.77685825
C65: 9 | D65: Penerbitan Surat Mutasi Kendaraan Ke Luar Daerah | I65: 250000 | K65: =SUM(K66:K67) -> 50337200000 | L65: =SUM(L66:L67) -> 116013 | N65: =SUM(N66:N67) -> 23111850000 | O65: =N65/K65 -> 0.45914056
D66: a. | E66: Kendaraan Bermotor Roda 2 atau roda 3 | I66: 121628 | J66: 150000 | K66: =I66*J66 -> 18244200000 | L66: =JANUARI!L66+FEB!L66+MARET!L66+APRIL!L66+MEI!L66+JUNI!L66+JULI!L66+AGUSTUS!L66+SEPT!L66+OKT!L66+NOV!L66+DES!L66 -> 58914 | M66: 150000 | N66: =L66*M66 -> 8837100000 | O66: =N66/K66 -> 0.4843786
D67: b. | E67: Kendaraan Bermotor Roda 4 atau lebih | I67: 128372 | J67: 250000 | K67: =I67*J67 -> 32093000000 | L67: =JANUARI!L67+FEB!L67+MARET!L67+APRIL!L67+MEI!L67+JUNI!L67+JULI!L67+AGUSTUS!L67+SEPT!L67+OKT!L67+NOV!L67+DES!L67 -> 57099 | M67: 250000 | N67: =L67*M67 -> 14274750000 | O67: =N67/K67 -> 0.44479326
C69: 10 | D69: Penerbitan Surat Tanda Nomor Kendaraaan Bermotor Lintas Batas Negara (STNK-LBN) | I69: 0 | K69: =+K70+K73 -> 0 | L69: =+L70+L73 -> 0 | N69: =+N70+N73 -> 0 | O69: =N69/K69 -> #DIV/0!
D70: a. | E70: Kendaraan Bermotor Roda 2 atau roda 3 | I70: 0 | K70: =SUM(K71:K72) -> 0 | L70: =SUM(L71:L72) -> 0 | N70: =SUM(N71:N72) -> 0 | O70: =N70/K70 -> #DIV/0!
E71: 1) | F71: Baru | I71: 0 | J71: 100000 | K71: =I71*J71 -> 0 | L71: =JANUARI!L71+FEB!L71+MARET!L71+APRIL!L71+MEI!L71+JUNI!L71+JULI!L71+AGUSTUS!L71+SEPT!L71+OKT!L71+NOV!L71+DES!L71 -> 0 | M71: 100000 | N71: =L71*M71 -> 0 | O71: =N71/K71 -> #DIV/0!
E72: 2) | F72: Perpanjangan | I72: 0 | J72: 100000 | K72: =I72*J72 -> 0 | L72: =JANUARI!L72+FEB!L72+MARET!L72+APRIL!L72+MEI!L72+JUNI!L72+JULI!L72+AGUSTUS!L72+SEPT!L72+OKT!L72+NOV!L72+DES!L72 -> 0 | M72: 100000 | N72: =L72*M72 -> 0 | O72: =N72/K72 -> #DIV/0!
D73: b. | E73: Kendaraan Bermotor Roda 4 atau lebih | I73: 0 | K73: =SUM(K74:K75) -> 0 | L73: =SUM(L74:L75) -> 0 | N73: =SUM(N74:N75) -> 0 | O73: =N73/K73 -> #DIV/0!
E74: 1) | F74: Baru | I74: 0 | J74: 200000 | K74: =I74*J74 -> 0 | L74: =JANUARI!L74+FEB!L74+MARET!L74+APRIL!L74+MEI!L74+JUNI!L74+JULI!L74+AGUSTUS!L74+SEPT!L74+OKT!L74+NOV!L74+DES!L74 -> 0 | M74: 200000 | N74: =L74*M74 -> 0 | O74: =N74/K74 -> #DIV/0!
E75: 2) | F75: Perpanjangan | I75: 0 | J75: 200000 | K75: =I75*J75 -> 0 | L75: =JANUARI!L75+FEB!L75+MARET!L75+APRIL!L75+MEI!L75+JUNI!L75+JULI!L75+AGUSTUS!L75+SEPT!L75+OKT!L75+NOV!L75+DES!L75 -> 0 | M75: 200000 | N75: =L75*M75 -> 0 | O75: =N75/K75 -> #DIV/0!
C77: 11 | D77: Penerbitan Tanda Nomor Kendaraaan Bermotor Lintas Batas Negara (TNKB-LBN) | I77: 0 | K77: =K78+K81 -> 0 | L77: =L78+L81 -> 0 | N77: =N78+N81 -> 0 | O77: =N77/K77 -> #DIV/0!
D78: a. | E78: Kendaraan Bermotor Roda 2 atau roda 3 | I78: 0 | K78: =SUM(K79:K80) -> 0 | L78: =SUM(L79:L80) -> 0 | N78: =SUM(N79:N80) -> 0 | O78: =N78/K78 -> #DIV/0!
E79: 1) | F79: Baru | I79: 0 | J79: 100000 | K79: =I79*J79 -> 0 | L79: =JANUARI!L79+FEB!L79+MARET!L79+APRIL!L79+MEI!L79+JUNI!L79+JULI!L79+AGUSTUS!L79+SEPT!L79+OKT!L79+NOV!L79+DES!L79 -> 0 | M79: 100000 | N79: =L79*M79 -> 0 | O79: =N79/K79 -> #DIV/0!
E80: 2) | F80: Perpanjangan | J80: 100000 | K80: =I80*J80 -> 0 | L80: =JANUARI!L80+FEB!L80+MARET!L80+APRIL!L80+MEI!L80+JUNI!L80+JULI!L80+AGUSTUS!L80+SEPT!L80+OKT!L80+NOV!L80+DES!L80 -> 0 | M80: 100000 | N80: =L80*M80 -> 0 | O80: =N80/K80 -> #DIV/0!
D81: b. | E81: Kendaraan Bermotor Roda 4 atau lebih | I81: 0 | K81: =SUM(K82:K83) -> 0 | L81: =SUM(L82:L83) -> 0 | N81: =SUM(N82:N83) -> 0 | O81: =N81/K81 -> #DIV/0!
E82: 1) | F82: Baru | I82: 0 | J82: 200000 | K82: =I82*J82 -> 0 | L82: =JANUARI!L82+FEB!L82+MARET!L82+APRIL!L82+MEI!L82+JUNI!L82+JULI!L82+AGUSTUS!L82+SEPT!L82+OKT!L82+NOV!L82+DES!L82 -> 0 | M82: 200000 | N82: =L82*M82 -> 0 | O82: =N82/K82 -> #DIV/0!
E83: 2) | F83: Perpanjangan | I83: 0 | J83: 200000 | K83: =I83*J83 -> 0 | L83: =JANUARI!L83+FEB!L83+MARET!L83+APRIL!L83+MEI!L83+JUNI!L83+JULI!L83+AGUSTUS!L83+SEPT!L83+OKT!L83+NOV!L83+DES!L83 -> 0 | M83: 200000 | N83: =L83*M83 -> 0 | O83: =N83/K83 -> #DIV/0!
C85: 12 | D85: Penerbitan Nomor Register Kendaraan Bermotor (NRKB) Pilihan | I85: 12000 | K85: =+K86+K89+K92+K95 -> 99500000000 | L85: =+L86+L89+L92+L95 -> 5136 | N85: =+N86+N89+N92+N95 -> 45525000000 | O85: =N85/K85 -> 0.45753769
D86: a. | E86: NRKB Pilihan untuk kombinasi 1 (satu) angka | I86: 1053 | K86: =SUM(K87:K88) -> 16585000000 | L86: =SUM(L87:L88) -> 575 | N86: =SUM(N87:N88) -> 8665000000 | O86: =N86/K86 -> 0.52246005
E87: 1) | F87: Tidak ada huruf dibelakang angka (blank) | I87: 158 | J87: 20000000 | K87: =I87*J87 -> 3160000000 | L87: =JANUARI!L87+FEB!L87+MARET!L87+APRIL!L87+MEI!L87+JUNI!L87+JULI!L87+AGUSTUS!L87+SEPT!L87+OKT!L87+NOV!L87+DES!L87 -> 8 | M87: 20000000 | N87: =L87*M87 -> 160000000 | O87: =N87/K87 -> 0.050632911
E88: 2) | F88: Ada huruf dibelakang angka | I88: 895 | J88: 15000000 | K88: =I88*J88 -> 13425000000 | L88: =JANUARI!L88+FEB!L88+MARET!L88+APRIL!L88+MEI!L88+JUNI!L88+JULI!L88+AGUSTUS!L88+SEPT!L88+OKT!L88+NOV!L88+DES!L88 -> 567 | M88: 15000000 | N88: =L88*M88 -> 8505000000 | O88: =N88/K88 -> 0.63351955
D89: b. | E89: NRKB Pilihan untuk 2 (dua) angka | I89: 2383 | K89: =SUM(K90:K91) -> 25435000000 | L89: =SUM(L90:L91) -> 1263 | N89: =SUM(N90:N91) -> 12865000000 | O89: =N89/K89 -> 0.5057991
E90: 1) | F90: Tidak ada huruf dibelakang angka (blank) | I90: 321 | J90: 15000000 | K90: =I90*J90 -> 4815000000 | L90: =JANUARI!L90+FEB!L90+MARET!L90+APRIL!L90+MEI!L90+JUNI!L90+JULI!L90+AGUSTUS!L90+SEPT!L90+OKT!L90+NOV!L90+DES!L90 -> 47 | M90: 15000000 | N90: =L90*M90 -> 705000000 | O90: =N90/K90 -> 0.14641745
E91: 2) | F91: Ada huruf dibelakang angka | I91: 2062 | J91: 10000000 | K91: =I91*J91 -> 20620000000 | L91: =JANUARI!L91+FEB!L91+MARET!L91+APRIL!L91+MEI!L91+JUNI!L91+JULI!L91+AGUSTUS!L91+SEPT!L91+OKT!L91+NOV!L91+DES!L91 -> 1216 | M91: 10000000 | N91: =L91*M91 -> 12160000000 | O91: =N91/K91 -> 0.58971872
D92: c. | E92: NRKB Pilihan untuk 3 (tiga) angka | I92: 4609 | K92: =SUM(K93:K94) -> 35915000000 | L92: =SUM(L93:L94) -> 2619 | N92: =SUM(N93:N94) -> 20017500000 | O92: =N92/K92 -> 0.55735765
E93: 1) | F93: Tidak ada huruf dibelakang angka (blank) | I93: 539 | J93: 10000000 | K93: =I93*J93 -> 5390000000 | L93: =JANUARI!L93+FEB!L93+MARET!L93+APRIL!L93+MEI!L93+JUNI!L93+JULI!L93+AGUSTUS!L93+SEPT!L93+OKT!L93+NOV!L93+DES!L93 -> 150 | M93: 10000000 | N93: =L93*M93 -> 1500000000 | O93: =N93/K93 -> 0.27829314
E94: 2) | F94: Ada huruf dibelakang angka | I94: 4070 | J94: 7500000 | K94: =I94*J94 -> 30525000000 | L94: =JANUARI!L94+FEB!L94+MARET!L94+APRIL!L94+MEI!L94+JUNI!L94+JULI!L94+AGUSTUS!L94+SEPT!L94+OKT!L94+NOV!L94+DES!L94 -> 2469 | M94: 7500000 | N94: =L94*M94 -> 18517500000 | O94: =N94/K94 -> 0.60663391
D95: d. | E95: NRKB Pilihan untuk 4 (empat) angka | I95: 3955 | K95: =SUM(K96:K97) -> 21565000000 | L95: =SUM(L96:L97) -> 679 | N95: =SUM(N96:N97) -> 3977500000 | O95: =N95/K95 -> 0.18444238
E96: 1) | F96: Tidak ada huruf dibelakang angka (blank) | I96: 716 | J96: 7500000 | K96: =I96*J96 -> 5370000000 | L96: =JANUARI!L96+FEB!L96+MARET!L96+APRIL!L96+MEI!L96+JUNI!L96+JULI!L96+AGUSTUS!L96+SEPT!L96+OKT!L96+NOV!L96+DES!L96 -> 233 | M96: 7500000 | N96: =L96*M96 -> 1747500000 | O96: =N96/K96 -> 0.32541899
E97: 2) | F97: Ada huruf dibelakang angka | I97: 3239 | J97: 5000000 | K97: =I97*J97 -> 16195000000 | L97: =JANUARI!L97+FEB!L97+MARET!L97+APRIL!L97+MEI!L97+JUNI!L97+JULI!L97+AGUSTUS!L97+SEPT!L97+OKT!L97+NOV!L97+DES!L97 -> 446 | M97: 5000000 | N97: =L97*M97 -> 2230000000 | O97: =N97/K97 -> 0.13769682
C99: TOTAL TARGET | I99: =SUM(I13,I24,I35,I37,I45,I49,I53,I57,I65,I69,I77,I85) -> 19337001 | K99: =SUM(K13,K24,K35,K37,K45,K49,K53,K57,K65,K69,K77,K85) -> 2210588370000 | L99: =SUM(L13,L24,L35,L37,L45,L49,L53,L57,L65,L69,L77,L85) -> 7399499 | N99: =SUM(N13,N24,N35,N37,N45,N49,N53,N57,N65,N69,N77,N85) -> 830494970000 | O99: =N99/K99 -> 0.37568956
